/*
Navicat MySQL Data Transfer

Source Server         : 本地虚拟mysql
Source Server Version : 50719
Source Host           : 192.168.135.101:3306
Source Database       : avril

Target Server Type    : MYSQL
Target Server Version : 50719
File Encoding         : 65001

Date: 2018-01-30 16:05:42
*/

SET FOREIGN_KEY_CHECKS=0;

-- ----------------------------
-- Table structure for tb_dictionary
-- ----------------------------
DROP TABLE IF EXISTS `tb_dictionary`;
CREATE TABLE `tb_dictionary` (
  `dic_id` varchar(32) COLLATE utf8_unicode_ci NOT NULL COMMENT '标识',
  `dic_group` varchar(32) COLLATE utf8_unicode_ci NOT NULL COMMENT '组别',
  `dic_code` varchar(16) COLLATE utf8_unicode_ci NOT NULL COMMENT '代码',
  `dic_value` varchar(128) COLLATE utf8_unicode_ci NOT NULL COMMENT '值',
  `dic_flag` int(2) DEFAULT NULL COMMENT '排序',
  `dic_note` varchar(32) COLLATE utf8_unicode_ci DEFAULT NULL COMMENT '说明',
  `dic_bonus` varchar(4) COLLATE utf8_unicode_ci DEFAULT NULL COMMENT '数据1-倍率',
  `dic_back` varchar(2) COLLATE utf8_unicode_ci DEFAULT NULL COMMENT '数据二 返点',
  `gmt_created` datetime DEFAULT CURRENT_TIMESTAMP COMMENT '创建时间',
  `gmt_modify` datetime DEFAULT CURRENT_TIMESTAMP COMMENT '修订时间',
  PRIMARY KEY (`dic_id`)
) ENGINE=InnoDB DEFAULT CHARSET=utf8 COLLATE=utf8_unicode_ci;

-- ----------------------------
-- Records of tb_dictionary
-- ----------------------------
INSERT INTO `tb_dictionary` VALUES ('005D4263E82B4B8BB3601B59C4E0016C', 'config', 'back', '13', '1', null, null, null, '2017-07-18 10:50:24', '2017-07-18 10:50:24');
INSERT INTO `tb_dictionary` VALUES ('29C3E6BE038C4CD18EEA500C77036768', 'config_ele_group', '小号', '1,2,3,4,5,6,7,8,9,10,11,12,13,14,15,16,17,18,19,20,21,22,23,24', '15', '大小号', '180', null, '2017-07-18 10:50:24', '2017-07-18 10:50:24');
INSERT INTO `tb_dictionary` VALUES ('34FB6149BDCD47CF81B13CC69B72C1E9', 'config_ele_group', '女肖', '羊,鸡,兔,蛇', '31', '男女肖', '220', null, '2017-07-24 15:19:32', '2017-07-24 15:19:32');
INSERT INTO `tb_dictionary` VALUES ('35E58B1237A94314A65C98A4CC5826A4', 'config_ele_group', '单号', '1,3,5,7,9,11,13,15,17,19,21,23,25,27,29,31,33,35,37,39,41,43,45,47,49', '21', '单双号', '180', null, '2017-07-18 11:50:53', '2017-07-18 11:50:53');
INSERT INTO `tb_dictionary` VALUES ('38404A86E3C44ED9870B7E90B3C200E6', 'config_ele_group', '野兽', '鼠,虎,兔,龙,蛇,猴', '12', '动物分类', '220', '3', '2017-07-03 15:30:36', '2017-07-03 15:30:36');
INSERT INTO `tb_dictionary` VALUES ('3D724AD05120408AAB85877DD40E3EA4', 'config_ele', '木', '7,8,15,16,29,30,37,38,45,46', '7', '五行', null, null, '2017-07-03 15:28:21', '2017-07-03 15:28:21');
INSERT INTO `tb_dictionary` VALUES ('436D56D3BD60453AB7A05CF013D0FD44', 'config_ele_group', '家禽', '牛,马,羊,鸡,狗,猪', '13', '动物分类', '220', '3', '2017-07-03 15:30:09', '2017-07-03 15:30:09');
INSERT INTO `tb_dictionary` VALUES ('4524012934B14746895EE50EF9455DD7', 'config_ele', '土', '11,12,19,20,27,28,41,42,49', '10', '五行', null, null, '2017-07-03 15:29:04', '2017-07-03 15:29:04');
INSERT INTO `tb_dictionary` VALUES ('4598629A8B0443D1AF18D68AE3F15B06', 'config', 'bonus', '410', '1', null, null, null, '2017-07-27 15:32:16', '2017-07-27 15:32:16');
INSERT INTO `tb_dictionary` VALUES ('522BD8964DAE4CA6B42962681E22671B', 'config_ele', '绿', '5,6,11,16,17,21,22,27,28,32,33,38,39,43,44,49', '4', '波色', '280', null, '2017-07-03 15:28:00', '2017-07-03 15:28:00');
INSERT INTO `tb_dictionary` VALUES ('551739347D5B40A4A2515A4D69F24523', 'config_ele', '金', '3,4,17,18,25,26,33,34,47,48', '6', '五行', null, null, '2017-07-03 15:28:09', '2017-07-03 15:28:09');
INSERT INTO `tb_dictionary` VALUES ('60E7820B63784214AB714CB9318A4BA8', 'config', 'cool', '9', '1', null, null, null, '2017-07-03 15:36:14', '2017-07-03 15:36:14');
INSERT INTO `tb_dictionary` VALUES ('670187E52083468EA5E7CA9D0D007B12', 'config_ele_group', '双号', '2,4,6,8,10,12,14,16,18,20,22,24,26,28,30,32,34,36,38,40,42,44,46,48', '22', '单双号', '180', null, '2017-07-18 11:51:35', '2017-07-18 11:51:35');
INSERT INTO `tb_dictionary` VALUES ('6B8E7D39A12E4596AC0867226A8601B7', 'config_ele', '蓝', '3,4,9,10,14,15,20,25,26,31,36,37,41,42,47,48', '3', '波色', '280', null, '2017-07-03 15:27:43', '2017-07-03 15:27:43');
INSERT INTO `tb_dictionary` VALUES ('6BB6C26C746C405B839B0DD335377667', 'config', 'maxNum', '49', '1', null, null, null, '2017-07-03 15:34:14', '2017-07-03 15:34:14');
INSERT INTO `tb_dictionary` VALUES ('7B06640B49A04B5BAFAF1BF2AAD86C89', 'config', 'backrate', '13', '1', null, null, null, '2017-07-27 17:20:23', '2017-07-27 17:20:23');
INSERT INTO `tb_dictionary` VALUES ('8AACF40A6B264B22A8139C5C3DEEC214', 'config_ele_group', '大号', '25,26,27,28,29,30,31,32,33,34,35,36,37,38,39,40,41,42,43,44,45,46,47,48,49', '16', '大小号', '180', null, '2017-07-18 10:49:19', '2017-07-18 10:49:19');
INSERT INTO `tb_dictionary` VALUES ('A1605E6E985749B0A0ED75A4E8F0C184', 'config', 'backrate2', '2', '1', null, null, null, '2017-07-27 17:20:36', '2017-07-27 17:20:36');
INSERT INTO `tb_dictionary` VALUES ('A5338B36337C40798FCB54A6630A9FAE', 'config_ele', '水', '5,6,13,14,21,22,35,36,43,44', '8', '五行', null, null, '2017-07-03 15:28:29', '2017-07-03 15:28:29');
INSERT INTO `tb_dictionary` VALUES ('B6EF861DA51A49C3A07CF6EF862B6EE9', 'config_ele', '火', '1,2,9,10,23,24,31,32,39,40', '9', '五行', null, null, '2017-07-03 15:28:57', '2017-07-03 15:28:57');
INSERT INTO `tb_dictionary` VALUES ('C499B3B53F294AED9E540DB1D5535375', 'config_ele', '红', '1,2,7,8,12,13,18,19,23,24,29,30,34,35,40,45,46', '2', '波色', '280', null, '2017-07-03 15:27:10', '2017-07-03 15:27:10');
INSERT INTO `tb_dictionary` VALUES ('E37372488B1647FFBFF2100DDBC60A92', 'config_ele_group', '合单', '1,3,5,7,9,10,12,14,16,18,21,23,25,27,29,30,32,34,36,38,41,43,45,47,49', '25', '合单合双', '180', null, '2017-07-18 12:00:06', '2017-07-18 12:00:06');
INSERT INTO `tb_dictionary` VALUES ('E72BC4B9414145CBBEA0931B43E84378', 'config', 'zodiac', '鼠,牛,虎,兔,龙,蛇,马,羊,猴,鸡,狗,猪', '1', '生肖', '', null, '2017-07-03 15:34:25', '2017-07-03 15:34:25');
INSERT INTO `tb_dictionary` VALUES ('FCC88B5A01074B9AA66F2498363D3653', 'config_ele_group', '合双', '2,4,6,8,10,11,13,15,17,19,20,22,24,26,28,31,33,35,37,39,40,42,44,46,48', '26', '合单合双', '180', null, '2017-07-18 12:01:06', '2017-07-18 12:01:06');

-- ----------------------------
-- Table structure for tb_elements
-- ----------------------------
DROP TABLE IF EXISTS `tb_elements`;
CREATE TABLE `tb_elements` (
  `element` int(2) NOT NULL COMMENT '码号',
  `gmt_created` datetime DEFAULT CURRENT_TIMESTAMP COMMENT '新增时间',
  `gmt_modify` datetime DEFAULT CURRENT_TIMESTAMP COMMENT '修订时间',
  PRIMARY KEY (`element`)
) ENGINE=InnoDB DEFAULT CHARSET=utf8 COLLATE=utf8_unicode_ci;

-- ----------------------------
-- Records of tb_elements
-- ----------------------------
INSERT INTO `tb_elements` VALUES ('1', '2017-08-03 15:15:07', '2017-08-03 15:15:07');
INSERT INTO `tb_elements` VALUES ('2', '2017-08-03 15:15:07', '2017-08-03 15:15:07');
INSERT INTO `tb_elements` VALUES ('3', '2017-08-03 15:15:07', '2017-08-03 15:15:07');
INSERT INTO `tb_elements` VALUES ('4', '2017-08-03 15:15:07', '2017-08-03 15:15:07');
INSERT INTO `tb_elements` VALUES ('5', '2017-08-03 15:15:07', '2017-08-03 15:15:07');
INSERT INTO `tb_elements` VALUES ('6', '2017-08-03 15:15:07', '2017-08-03 15:15:07');
INSERT INTO `tb_elements` VALUES ('7', '2017-08-03 15:15:07', '2017-08-03 15:15:07');
INSERT INTO `tb_elements` VALUES ('8', '2017-08-03 15:15:07', '2017-08-03 15:15:07');
INSERT INTO `tb_elements` VALUES ('9', '2017-08-03 15:15:07', '2017-08-03 15:15:07');
INSERT INTO `tb_elements` VALUES ('10', '2017-08-03 15:15:07', '2017-08-03 15:15:07');
INSERT INTO `tb_elements` VALUES ('11', '2017-08-03 15:15:07', '2017-08-03 15:15:07');
INSERT INTO `tb_elements` VALUES ('12', '2017-08-03 15:15:07', '2017-08-03 15:15:07');
INSERT INTO `tb_elements` VALUES ('13', '2017-08-03 15:15:07', '2017-08-03 15:15:07');
INSERT INTO `tb_elements` VALUES ('14', '2017-08-03 15:15:07', '2017-08-03 15:15:07');
INSERT INTO `tb_elements` VALUES ('15', '2017-08-03 15:15:07', '2017-08-03 15:15:07');
INSERT INTO `tb_elements` VALUES ('16', '2017-08-03 15:15:07', '2017-08-03 15:15:07');
INSERT INTO `tb_elements` VALUES ('17', '2017-08-03 15:15:07', '2017-08-03 15:15:07');
INSERT INTO `tb_elements` VALUES ('18', '2017-08-03 15:15:07', '2017-08-03 15:15:07');
INSERT INTO `tb_elements` VALUES ('19', '2017-08-03 15:15:07', '2017-08-03 15:15:07');
INSERT INTO `tb_elements` VALUES ('20', '2017-08-03 15:15:07', '2017-08-03 15:15:07');
INSERT INTO `tb_elements` VALUES ('21', '2017-08-03 15:15:07', '2017-08-03 15:15:07');
INSERT INTO `tb_elements` VALUES ('22', '2017-08-03 15:15:07', '2017-08-03 15:15:07');
INSERT INTO `tb_elements` VALUES ('23', '2017-08-03 15:15:07', '2017-08-03 15:15:07');
INSERT INTO `tb_elements` VALUES ('24', '2017-08-03 15:15:07', '2017-08-03 15:15:07');
INSERT INTO `tb_elements` VALUES ('25', '2017-08-03 15:15:07', '2017-08-03 15:15:07');
INSERT INTO `tb_elements` VALUES ('26', '2017-08-03 15:15:07', '2017-08-03 15:15:07');
INSERT INTO `tb_elements` VALUES ('27', '2017-08-03 15:15:07', '2017-08-03 15:15:07');
INSERT INTO `tb_elements` VALUES ('28', '2017-08-03 15:15:07', '2017-08-03 15:15:07');
INSERT INTO `tb_elements` VALUES ('29', '2017-08-03 15:15:07', '2017-08-03 15:15:07');
INSERT INTO `tb_elements` VALUES ('30', '2017-08-03 15:15:07', '2017-08-03 15:15:07');
INSERT INTO `tb_elements` VALUES ('31', '2017-08-03 15:15:07', '2017-08-03 15:15:07');
INSERT INTO `tb_elements` VALUES ('32', '2017-08-03 15:15:07', '2017-08-03 15:15:07');
INSERT INTO `tb_elements` VALUES ('33', '2017-08-03 15:15:07', '2017-08-03 15:15:07');
INSERT INTO `tb_elements` VALUES ('34', '2017-08-03 15:15:07', '2017-08-03 15:15:07');
INSERT INTO `tb_elements` VALUES ('35', '2017-08-03 15:15:07', '2017-08-03 15:15:07');
INSERT INTO `tb_elements` VALUES ('36', '2017-08-03 15:15:07', '2017-08-03 15:15:07');
INSERT INTO `tb_elements` VALUES ('37', '2017-08-03 15:15:07', '2017-08-03 15:15:07');
INSERT INTO `tb_elements` VALUES ('38', '2017-08-03 15:15:07', '2017-08-03 15:15:07');
INSERT INTO `tb_elements` VALUES ('39', '2017-08-03 15:15:07', '2017-08-03 15:15:07');
INSERT INTO `tb_elements` VALUES ('40', '2017-08-03 15:15:07', '2017-08-03 15:15:07');
INSERT INTO `tb_elements` VALUES ('41', '2017-08-03 15:15:07', '2017-08-03 15:15:07');
INSERT INTO `tb_elements` VALUES ('42', '2017-08-03 15:15:07', '2017-08-03 15:15:07');
INSERT INTO `tb_elements` VALUES ('43', '2017-08-03 15:15:07', '2017-08-03 15:15:07');
INSERT INTO `tb_elements` VALUES ('44', '2017-08-03 15:15:07', '2017-08-03 15:15:07');
INSERT INTO `tb_elements` VALUES ('45', '2017-08-03 15:15:07', '2017-08-03 15:15:07');
INSERT INTO `tb_elements` VALUES ('46', '2017-08-03 15:15:07', '2017-08-03 15:15:07');
INSERT INTO `tb_elements` VALUES ('47', '2017-08-03 15:15:07', '2017-08-03 15:15:07');
INSERT INTO `tb_elements` VALUES ('48', '2017-08-03 15:15:07', '2017-08-03 15:15:07');
INSERT INTO `tb_elements` VALUES ('49', '2017-08-03 15:15:07', '2017-08-03 15:15:07');

-- ----------------------------
-- Table structure for tb_goods
-- ----------------------------
DROP TABLE IF EXISTS `tb_goods`;
CREATE TABLE `tb_goods` (
  `goods_id` varchar(32) COLLATE utf8_unicode_ci NOT NULL COMMENT '分组标识',
  `goods_name` varchar(64) COLLATE utf8_unicode_ci NOT NULL COMMENT '分组名称',
  `goods_key` varchar(4) COLLATE utf8_unicode_ci NOT NULL COMMENT '快捷输入代码',
  `goods_back` int(2) DEFAULT NULL COMMENT '包号返水',
  `goods_bonus` int(4) DEFAULT NULL COMMENT '包号倍率',
  `goods_note` varchar(32) COLLATE utf8_unicode_ci DEFAULT NULL COMMENT '说明',
  `gmt_created` datetime DEFAULT CURRENT_TIMESTAMP COMMENT '新增时间',
  `gmt_modify` datetime DEFAULT CURRENT_TIMESTAMP COMMENT '修订时间',
  PRIMARY KEY (`goods_id`)
) ENGINE=InnoDB DEFAULT CHARSET=utf8 COLLATE=utf8_unicode_ci;

-- ----------------------------
-- Records of tb_goods
-- ----------------------------
INSERT INTO `tb_goods` VALUES ('065782E3E26C464388AE2B7181D660BF', '3', '3', null, null, '基本号', '2017-08-03 15:15:07', '2017-08-03 15:15:07');
INSERT INTO `tb_goods` VALUES ('0D1AD9E2A0144AD1BA78A59810C50A40', '39', '39', null, null, '基本号', '2017-08-03 15:15:07', '2017-08-03 15:15:07');
INSERT INTO `tb_goods` VALUES ('13C3628E02D6406E9C427E6821B09FA5', '13', '13', null, null, '基本号', '2017-08-03 15:15:07', '2017-08-03 15:15:07');
INSERT INTO `tb_goods` VALUES ('19740A0EAC334E41B3D330FA5739537B', '6', '6', null, null, '基本号', '2017-08-03 15:15:07', '2017-08-03 15:15:07');
INSERT INTO `tb_goods` VALUES ('206EF0D7941D4E36BBB96F29A3F877A7', '36', '36', null, null, '基本号', '2017-08-03 15:15:07', '2017-08-03 15:15:07');
INSERT INTO `tb_goods` VALUES ('213793B9013D450EAC70591B6C945D65', '46', '46', null, null, '基本号', '2017-08-03 15:15:07', '2017-08-03 15:15:07');
INSERT INTO `tb_goods` VALUES ('2689DBF995C74D99A9EF5F04DE17FFB6', '19', '19', null, null, '基本号', '2017-08-03 15:15:07', '2017-08-03 15:15:07');
INSERT INTO `tb_goods` VALUES ('275A440867954A879F54A893D802D0D9', '15', '15', null, null, '基本号', '2017-08-03 15:15:07', '2017-08-03 15:15:07');
INSERT INTO `tb_goods` VALUES ('29B04F7DCBA74730AC2B704D58539304', '野兽', '70', '3', '220', '动物分类', '2017-08-03 15:15:07', '2017-08-03 15:15:07');
INSERT INTO `tb_goods` VALUES ('3077EF35B02D470E8DB8FF6F1963BE53', '蛇', '55', null, null, '生肖', '2017-08-03 15:15:07', '2017-08-03 15:15:07');
INSERT INTO `tb_goods` VALUES ('381E4E1400A04F36AE1FFBFBC4025CE3', '火', '68', null, null, '五行', '2017-08-03 15:15:07', '2017-08-03 15:15:07');
INSERT INTO `tb_goods` VALUES ('432A0B26117446C9A0F338528FDAD353', '1', '1', null, null, '基本号', '2017-08-03 15:15:07', '2017-08-03 15:15:07');
INSERT INTO `tb_goods` VALUES ('45FF5BF31D3649668255F60DA3DAE19C', '猴', '58', null, null, '生肖', '2017-08-03 15:15:07', '2017-08-03 15:15:07');
INSERT INTO `tb_goods` VALUES ('4A06B704B80343D3A8570FE423880386', '合双', '77', '2', '180', '合单合双', '2017-08-03 15:15:07', '2017-08-03 15:15:07');
INSERT INTO `tb_goods` VALUES ('4AE2F9877BC74708A2607145FEE2BEEB', '牛', '51', null, null, '生肖', '2017-08-03 15:15:07', '2017-08-03 15:15:07');
INSERT INTO `tb_goods` VALUES ('53883B71125243A3B238BD752566D937', '26', '26', null, null, '基本号', '2017-08-03 15:15:07', '2017-08-03 15:15:07');
INSERT INTO `tb_goods` VALUES ('554281BC1D0B4731A51FE436D4B82A16', '28', '28', null, null, '基本号', '2017-08-03 15:15:07', '2017-08-03 15:15:07');
INSERT INTO `tb_goods` VALUES ('5B006A56C39D40C1B6E1FF9B3C93C428', '27', '27', null, null, '基本号', '2017-08-03 15:15:07', '2017-08-03 15:15:07');
INSERT INTO `tb_goods` VALUES ('5EB31EB3766042E793FDE98CB1B3CEF1', '大号', '73', '2', '180', '大小号', '2017-08-03 15:15:07', '2017-08-03 15:15:07');
INSERT INTO `tb_goods` VALUES ('68E8BE7E4FB24AE1908C228C6EF287B2', '41', '41', null, null, '基本号', '2017-08-03 15:15:07', '2017-08-03 15:15:07');
INSERT INTO `tb_goods` VALUES ('6931291CA71E4BD4B7CE410C7B8C4CE4', '龙', '54', null, null, '生肖', '2017-08-03 15:15:07', '2017-08-03 15:15:07');
INSERT INTO `tb_goods` VALUES ('69BAEDC54AD04623AAB92207E183D7AF', '2', '2', null, null, '基本号', '2017-08-03 15:15:07', '2017-08-03 15:15:07');
INSERT INTO `tb_goods` VALUES ('6ABF6A76D7874B51AE3220344542EB47', '21', '21', null, null, '基本号', '2017-08-03 15:15:07', '2017-08-03 15:15:07');
INSERT INTO `tb_goods` VALUES ('6F5D6326C82C42DFABB2AEEB14CC0BE4', '42', '42', null, null, '基本号', '2017-08-03 15:15:07', '2017-08-03 15:15:07');
INSERT INTO `tb_goods` VALUES ('7C0882E4A09B48A8BCFD83CBC40032AC', '9', '9', null, null, '基本号', '2017-08-03 15:15:07', '2017-08-03 15:15:07');
INSERT INTO `tb_goods` VALUES ('7C51E7BDD68D4076812534B66630AEB3', '32', '32', null, null, '基本号', '2017-08-03 15:15:07', '2017-08-03 15:15:07');
INSERT INTO `tb_goods` VALUES ('7EA7C4A48717435E998BCD1CA913B2D2', '红', '62', '2', '280', '波色', '2017-08-03 15:15:07', '2017-08-03 15:15:07');
INSERT INTO `tb_goods` VALUES ('7EB10A72EA8A417296ACA64FF8C1F898', '马', '56', null, null, '生肖', '2017-08-03 15:15:07', '2017-08-03 15:15:07');
INSERT INTO `tb_goods` VALUES ('7F96930DEFB44D05900FA969DADA9617', '30', '30', null, null, '基本号', '2017-08-03 15:15:07', '2017-08-03 15:15:07');
INSERT INTO `tb_goods` VALUES ('80B63D6F3AC74FAF89C83F7BE2321671', '47', '47', null, null, '基本号', '2017-08-03 15:15:07', '2017-08-03 15:15:07');
INSERT INTO `tb_goods` VALUES ('87F447B7DDE84649A18A179F238AD06C', '48', '48', null, null, '基本号', '2017-08-03 15:15:07', '2017-08-03 15:15:07');
INSERT INTO `tb_goods` VALUES ('8BEE7A04259B44619BE52B40B9C7C666', '单号', '74', '2', '180', '单双号', '2017-08-03 15:15:07', '2017-08-03 15:15:07');
INSERT INTO `tb_goods` VALUES ('9058BAFE83AD48CCBAAB01743CAB4A69', '45', '45', null, null, '基本号', '2017-08-03 15:15:07', '2017-08-03 15:15:07');
INSERT INTO `tb_goods` VALUES ('996DB974A77E41DD841FDA54CCB5ED61', '蓝', '63', '2', '280', '波色', '2017-08-03 15:15:07', '2017-08-03 15:15:07');
INSERT INTO `tb_goods` VALUES ('9D5CC4633B07431ABEED12DA87B16CC5', '34', '34', null, null, '基本号', '2017-08-03 15:15:07', '2017-08-03 15:15:07');
INSERT INTO `tb_goods` VALUES ('9E025F717BCD4BA890F0D60F2364F5F6', '20', '20', null, null, '基本号', '2017-08-03 15:15:07', '2017-08-03 15:15:07');
INSERT INTO `tb_goods` VALUES ('9E031B4252D9451386A34F7C97B7C00E', '家禽', '71', '3', '220', '动物分类', '2017-08-03 15:15:07', '2017-08-03 15:15:07');
INSERT INTO `tb_goods` VALUES ('A4678651AD4D4585BAB78D283C7360EC', '双号', '75', '2', '180', '单双号', '2017-08-03 15:15:07', '2017-08-03 15:15:07');
INSERT INTO `tb_goods` VALUES ('A47EBCD198644F4D8D35B7BC7A971B50', '43', '43', null, null, '基本号', '2017-08-03 15:15:07', '2017-08-03 15:15:07');
INSERT INTO `tb_goods` VALUES ('A65FD5AF8DBE4DB493A7E70A525B296B', '12', '12', null, null, '基本号', '2017-08-03 15:15:07', '2017-08-03 15:15:07');
INSERT INTO `tb_goods` VALUES ('ABB1BAB93AE24704A5E9D9ED0782E8EF', '猪', '61', null, null, '生肖', '2017-08-03 15:15:07', '2017-08-03 15:15:07');
INSERT INTO `tb_goods` VALUES ('ADE37A90DA744C8D9A3BEB40C2E7A503', '10', '10', null, null, '基本号', '2017-08-03 15:15:07', '2017-08-03 15:15:07');
INSERT INTO `tb_goods` VALUES ('AE660C35EFCD4107950D97C4A3125AAF', '7', '7', null, null, '基本号', '2017-08-03 15:15:07', '2017-08-03 15:15:07');
INSERT INTO `tb_goods` VALUES ('AF93A50CAD9B4150B41775D0395E979A', '女肖', '78', '2', '220', '男女肖', '2017-08-03 15:15:07', '2017-08-03 15:15:07');
INSERT INTO `tb_goods` VALUES ('B028796C6D1D45849BBFC6A15996469B', '水', '67', null, null, '五行', '2017-08-03 15:15:07', '2017-08-03 15:15:07');
INSERT INTO `tb_goods` VALUES ('B3645A60A0804C779EC7F07EDBAFE79C', '24', '24', null, null, '基本号', '2017-08-03 15:15:07', '2017-08-03 15:15:07');
INSERT INTO `tb_goods` VALUES ('BAE9911DD8A64654B40EA7E9E5E90D67', '金', '65', null, null, '五行', '2017-08-03 15:15:07', '2017-08-03 15:15:07');
INSERT INTO `tb_goods` VALUES ('BE07823AD89645BF9955250EF6496CD2', '土', '69', null, null, '五行', '2017-08-03 15:15:07', '2017-08-03 15:15:07');
INSERT INTO `tb_goods` VALUES ('BE8FD2681BEB4F36810358BEFEE63906', '18', '18', null, null, '基本号', '2017-08-03 15:15:07', '2017-08-03 15:15:07');
INSERT INTO `tb_goods` VALUES ('C0CCEDB964104F1495F8153EAADD03EC', '虎', '52', null, null, '生肖', '2017-08-03 15:15:07', '2017-08-03 15:15:07');
INSERT INTO `tb_goods` VALUES ('C4092EB414AD47F7BC38C0E0BF3BB60D', '11', '11', null, null, '基本号', '2017-08-03 15:15:07', '2017-08-03 15:15:07');
INSERT INTO `tb_goods` VALUES ('C43D1041FC5C499C82B4E9DE670C1B2E', '22', '22', null, null, '基本号', '2017-08-03 15:15:07', '2017-08-03 15:15:07');
INSERT INTO `tb_goods` VALUES ('C4BC0047F56D4541946C73B3C7516F60', '44', '44', null, null, '基本号', '2017-08-03 15:15:07', '2017-08-03 15:15:07');
INSERT INTO `tb_goods` VALUES ('CCEF28CE74A446258A4F0B46D5EC1307', '兔', '53', null, null, '生肖', '2017-08-03 15:15:07', '2017-08-03 15:15:07');
INSERT INTO `tb_goods` VALUES ('CD5AD8B6316F4DC1A35EB1820DD8A010', '16', '16', null, null, '基本号', '2017-08-03 15:15:07', '2017-08-03 15:15:07');
INSERT INTO `tb_goods` VALUES ('D070A8A4C6B54F71B7176E5FD3F610C6', '38', '38', null, null, '基本号', '2017-08-03 15:15:07', '2017-08-03 15:15:07');
INSERT INTO `tb_goods` VALUES ('D7D8379BFF8A4C4188C2D7F2CDE24833', '31', '31', null, null, '基本号', '2017-08-03 15:15:07', '2017-08-03 15:15:07');
INSERT INTO `tb_goods` VALUES ('D8DAA321D7704F0EA2BD039ED3F23B48', '鸡', '59', null, null, '生肖', '2017-08-03 15:15:07', '2017-08-03 15:15:07');
INSERT INTO `tb_goods` VALUES ('DAF715C2D09841A1B88234CE25D8F933', '25', '25', null, null, '基本号', '2017-08-03 15:15:07', '2017-08-03 15:15:07');
INSERT INTO `tb_goods` VALUES ('DD39CD213D584554A8EEAA46219DA12D', '5', '5', null, null, '基本号', '2017-08-03 15:15:07', '2017-08-03 15:15:07');
INSERT INTO `tb_goods` VALUES ('DF00E3DCBA6B4B1F92AFA837F740567E', '小号', '72', '2', '180', '大小号', '2017-08-03 15:15:07', '2017-08-03 15:15:07');
INSERT INTO `tb_goods` VALUES ('E0BE6F8A1D074DE4AD08DB8BBD89026C', '37', '37', null, null, '基本号', '2017-08-03 15:15:07', '2017-08-03 15:15:07');
INSERT INTO `tb_goods` VALUES ('E1A34E6695624FC9A27ED6CAEE32C571', '49', '49', null, null, '基本号', '2017-08-03 15:15:07', '2017-08-03 15:15:07');
INSERT INTO `tb_goods` VALUES ('E26D9DB07051437489A8C7A960269517', '鼠', '50', null, null, '生肖', '2017-08-03 15:15:07', '2017-08-03 15:15:07');
INSERT INTO `tb_goods` VALUES ('E5451A9083184EA9B9F1A95741CDFE7E', '33', '33', null, null, '基本号', '2017-08-03 15:15:07', '2017-08-03 15:15:07');
INSERT INTO `tb_goods` VALUES ('E7E35E08CB31423783EC25AF7A69DF59', '4', '4', null, null, '基本号', '2017-08-03 15:15:07', '2017-08-03 15:15:07');
INSERT INTO `tb_goods` VALUES ('EB5A4D87A2A143D68862879B3EFE4494', '羊', '57', null, null, '生肖', '2017-08-03 15:15:07', '2017-08-03 15:15:07');
INSERT INTO `tb_goods` VALUES ('ED74B710DE6541C5B8B960E88D78B1E1', '17', '17', null, null, '基本号', '2017-08-03 15:15:07', '2017-08-03 15:15:07');
INSERT INTO `tb_goods` VALUES ('EE09AECD384F43D280A009D2BEDB2F10', '40', '40', null, null, '基本号', '2017-08-03 15:15:07', '2017-08-03 15:15:07');
INSERT INTO `tb_goods` VALUES ('EEFEA0923A8D4EA696F83CF2B512BA8E', '29', '29', null, null, '基本号', '2017-08-03 15:15:07', '2017-08-03 15:15:07');
INSERT INTO `tb_goods` VALUES ('F3D9BE5BDBE54F86BB106EBE5D729D33', '14', '14', null, null, '基本号', '2017-08-03 15:15:07', '2017-08-03 15:15:07');
INSERT INTO `tb_goods` VALUES ('F58BB3033238458E93087423151924BD', '35', '35', null, null, '基本号', '2017-08-03 15:15:07', '2017-08-03 15:15:07');
INSERT INTO `tb_goods` VALUES ('F616F3AF052549CFBC1F078013ADA951', '8', '8', null, null, '基本号', '2017-08-03 15:15:07', '2017-08-03 15:15:07');
INSERT INTO `tb_goods` VALUES ('F658461341C548618340BE7061AC7BC7', '木', '66', null, null, '五行', '2017-08-03 15:15:07', '2017-08-03 15:15:07');
INSERT INTO `tb_goods` VALUES ('F81025DB5E0D4780B0F786FCDB44736A', '23', '23', null, null, '基本号', '2017-08-03 15:15:07', '2017-08-03 15:15:07');
INSERT INTO `tb_goods` VALUES ('FC1AC51C37E94FBBAFF5354F6AFCE5B3', '合单', '76', '2', '180', '合单合双', '2017-08-03 15:15:07', '2017-08-03 15:15:07');
INSERT INTO `tb_goods` VALUES ('FCEF8A9B5DA44005A5F2AE3932406BB1', '狗', '60', null, null, '生肖', '2017-08-03 15:15:07', '2017-08-03 15:15:07');
INSERT INTO `tb_goods` VALUES ('FDD8E2568D274F0A89060B9E6C952364', '绿', '64', '2', '280', '波色', '2017-08-03 15:15:07', '2017-08-03 15:15:07');

-- ----------------------------
-- Table structure for tb_goods_element
-- ----------------------------
DROP TABLE IF EXISTS `tb_goods_element`;
CREATE TABLE `tb_goods_element` (
  `goods_id` varchar(32) COLLATE utf8_unicode_ci DEFAULT NULL COMMENT '分组标识',
  `element_id` int(11) DEFAULT NULL COMMENT '码号',
  `gmt_created` datetime DEFAULT CURRENT_TIMESTAMP COMMENT '新增时间',
  `gmt_modify` datetime DEFAULT CURRENT_TIMESTAMP COMMENT '修订时间'
) ENGINE=InnoDB DEFAULT CHARSET=utf8 COLLATE=utf8_unicode_ci;

-- ----------------------------
-- Records of tb_goods_element
-- ----------------------------
INSERT INTO `tb_goods_element` VALUES ('432A0B26117446C9A0F338528FDAD353', '1', '2017-08-03 15:15:07', '2017-08-03 15:15:07');
INSERT INTO `tb_goods_element` VALUES ('69BAEDC54AD04623AAB92207E183D7AF', '2', '2017-08-03 15:15:07', '2017-08-03 15:15:07');
INSERT INTO `tb_goods_element` VALUES ('065782E3E26C464388AE2B7181D660BF', '3', '2017-08-03 15:15:07', '2017-08-03 15:15:07');
INSERT INTO `tb_goods_element` VALUES ('E7E35E08CB31423783EC25AF7A69DF59', '4', '2017-08-03 15:15:07', '2017-08-03 15:15:07');
INSERT INTO `tb_goods_element` VALUES ('DD39CD213D584554A8EEAA46219DA12D', '5', '2017-08-03 15:15:07', '2017-08-03 15:15:07');
INSERT INTO `tb_goods_element` VALUES ('19740A0EAC334E41B3D330FA5739537B', '6', '2017-08-03 15:15:07', '2017-08-03 15:15:07');
INSERT INTO `tb_goods_element` VALUES ('AE660C35EFCD4107950D97C4A3125AAF', '7', '2017-08-03 15:15:07', '2017-08-03 15:15:07');
INSERT INTO `tb_goods_element` VALUES ('F616F3AF052549CFBC1F078013ADA951', '8', '2017-08-03 15:15:07', '2017-08-03 15:15:07');
INSERT INTO `tb_goods_element` VALUES ('7C0882E4A09B48A8BCFD83CBC40032AC', '9', '2017-08-03 15:15:07', '2017-08-03 15:15:07');
INSERT INTO `tb_goods_element` VALUES ('ADE37A90DA744C8D9A3BEB40C2E7A503', '10', '2017-08-03 15:15:07', '2017-08-03 15:15:07');
INSERT INTO `tb_goods_element` VALUES ('C4092EB414AD47F7BC38C0E0BF3BB60D', '11', '2017-08-03 15:15:07', '2017-08-03 15:15:07');
INSERT INTO `tb_goods_element` VALUES ('A65FD5AF8DBE4DB493A7E70A525B296B', '12', '2017-08-03 15:15:07', '2017-08-03 15:15:07');
INSERT INTO `tb_goods_element` VALUES ('13C3628E02D6406E9C427E6821B09FA5', '13', '2017-08-03 15:15:07', '2017-08-03 15:15:07');
INSERT INTO `tb_goods_element` VALUES ('F3D9BE5BDBE54F86BB106EBE5D729D33', '14', '2017-08-03 15:15:07', '2017-08-03 15:15:07');
INSERT INTO `tb_goods_element` VALUES ('275A440867954A879F54A893D802D0D9', '15', '2017-08-03 15:15:07', '2017-08-03 15:15:07');
INSERT INTO `tb_goods_element` VALUES ('CD5AD8B6316F4DC1A35EB1820DD8A010', '16', '2017-08-03 15:15:07', '2017-08-03 15:15:07');
INSERT INTO `tb_goods_element` VALUES ('ED74B710DE6541C5B8B960E88D78B1E1', '17', '2017-08-03 15:15:07', '2017-08-03 15:15:07');
INSERT INTO `tb_goods_element` VALUES ('BE8FD2681BEB4F36810358BEFEE63906', '18', '2017-08-03 15:15:07', '2017-08-03 15:15:07');
INSERT INTO `tb_goods_element` VALUES ('2689DBF995C74D99A9EF5F04DE17FFB6', '19', '2017-08-03 15:15:07', '2017-08-03 15:15:07');
INSERT INTO `tb_goods_element` VALUES ('9E025F717BCD4BA890F0D60F2364F5F6', '20', '2017-08-03 15:15:07', '2017-08-03 15:15:07');
INSERT INTO `tb_goods_element` VALUES ('6ABF6A76D7874B51AE3220344542EB47', '21', '2017-08-03 15:15:07', '2017-08-03 15:15:07');
INSERT INTO `tb_goods_element` VALUES ('C43D1041FC5C499C82B4E9DE670C1B2E', '22', '2017-08-03 15:15:07', '2017-08-03 15:15:07');
INSERT INTO `tb_goods_element` VALUES ('F81025DB5E0D4780B0F786FCDB44736A', '23', '2017-08-03 15:15:07', '2017-08-03 15:15:07');
INSERT INTO `tb_goods_element` VALUES ('B3645A60A0804C779EC7F07EDBAFE79C', '24', '2017-08-03 15:15:07', '2017-08-03 15:15:07');
INSERT INTO `tb_goods_element` VALUES ('DAF715C2D09841A1B88234CE25D8F933', '25', '2017-08-03 15:15:07', '2017-08-03 15:15:07');
INSERT INTO `tb_goods_element` VALUES ('53883B71125243A3B238BD752566D937', '26', '2017-08-03 15:15:07', '2017-08-03 15:15:07');
INSERT INTO `tb_goods_element` VALUES ('5B006A56C39D40C1B6E1FF9B3C93C428', '27', '2017-08-03 15:15:07', '2017-08-03 15:15:07');
INSERT INTO `tb_goods_element` VALUES ('554281BC1D0B4731A51FE436D4B82A16', '28', '2017-08-03 15:15:07', '2017-08-03 15:15:07');
INSERT INTO `tb_goods_element` VALUES ('EEFEA0923A8D4EA696F83CF2B512BA8E', '29', '2017-08-03 15:15:07', '2017-08-03 15:15:07');
INSERT INTO `tb_goods_element` VALUES ('7F96930DEFB44D05900FA969DADA9617', '30', '2017-08-03 15:15:07', '2017-08-03 15:15:07');
INSERT INTO `tb_goods_element` VALUES ('D7D8379BFF8A4C4188C2D7F2CDE24833', '31', '2017-08-03 15:15:07', '2017-08-03 15:15:07');
INSERT INTO `tb_goods_element` VALUES ('7C51E7BDD68D4076812534B66630AEB3', '32', '2017-08-03 15:15:07', '2017-08-03 15:15:07');
INSERT INTO `tb_goods_element` VALUES ('E5451A9083184EA9B9F1A95741CDFE7E', '33', '2017-08-03 15:15:07', '2017-08-03 15:15:07');
INSERT INTO `tb_goods_element` VALUES ('9D5CC4633B07431ABEED12DA87B16CC5', '34', '2017-08-03 15:15:07', '2017-08-03 15:15:07');
INSERT INTO `tb_goods_element` VALUES ('F58BB3033238458E93087423151924BD', '35', '2017-08-03 15:15:07', '2017-08-03 15:15:07');
INSERT INTO `tb_goods_element` VALUES ('206EF0D7941D4E36BBB96F29A3F877A7', '36', '2017-08-03 15:15:07', '2017-08-03 15:15:07');
INSERT INTO `tb_goods_element` VALUES ('E0BE6F8A1D074DE4AD08DB8BBD89026C', '37', '2017-08-03 15:15:07', '2017-08-03 15:15:07');
INSERT INTO `tb_goods_element` VALUES ('D070A8A4C6B54F71B7176E5FD3F610C6', '38', '2017-08-03 15:15:07', '2017-08-03 15:15:07');
INSERT INTO `tb_goods_element` VALUES ('0D1AD9E2A0144AD1BA78A59810C50A40', '39', '2017-08-03 15:15:07', '2017-08-03 15:15:07');
INSERT INTO `tb_goods_element` VALUES ('EE09AECD384F43D280A009D2BEDB2F10', '40', '2017-08-03 15:15:07', '2017-08-03 15:15:07');
INSERT INTO `tb_goods_element` VALUES ('68E8BE7E4FB24AE1908C228C6EF287B2', '41', '2017-08-03 15:15:07', '2017-08-03 15:15:07');
INSERT INTO `tb_goods_element` VALUES ('6F5D6326C82C42DFABB2AEEB14CC0BE4', '42', '2017-08-03 15:15:07', '2017-08-03 15:15:07');
INSERT INTO `tb_goods_element` VALUES ('A47EBCD198644F4D8D35B7BC7A971B50', '43', '2017-08-03 15:15:07', '2017-08-03 15:15:07');
INSERT INTO `tb_goods_element` VALUES ('C4BC0047F56D4541946C73B3C7516F60', '44', '2017-08-03 15:15:07', '2017-08-03 15:15:07');
INSERT INTO `tb_goods_element` VALUES ('9058BAFE83AD48CCBAAB01743CAB4A69', '45', '2017-08-03 15:15:07', '2017-08-03 15:15:07');
INSERT INTO `tb_goods_element` VALUES ('213793B9013D450EAC70591B6C945D65', '46', '2017-08-03 15:15:07', '2017-08-03 15:15:07');
INSERT INTO `tb_goods_element` VALUES ('80B63D6F3AC74FAF89C83F7BE2321671', '47', '2017-08-03 15:15:07', '2017-08-03 15:15:07');
INSERT INTO `tb_goods_element` VALUES ('87F447B7DDE84649A18A179F238AD06C', '48', '2017-08-03 15:15:07', '2017-08-03 15:15:07');
INSERT INTO `tb_goods_element` VALUES ('E1A34E6695624FC9A27ED6CAEE32C571', '49', '2017-08-03 15:15:07', '2017-08-03 15:15:07');
INSERT INTO `tb_goods_element` VALUES ('E26D9DB07051437489A8C7A960269517', '46', '2017-08-03 15:15:07', '2017-08-03 15:15:07');
INSERT INTO `tb_goods_element` VALUES ('E26D9DB07051437489A8C7A960269517', '34', '2017-08-03 15:15:07', '2017-08-03 15:15:07');
INSERT INTO `tb_goods_element` VALUES ('E26D9DB07051437489A8C7A960269517', '22', '2017-08-03 15:15:07', '2017-08-03 15:15:07');
INSERT INTO `tb_goods_element` VALUES ('E26D9DB07051437489A8C7A960269517', '10', '2017-08-03 15:15:07', '2017-08-03 15:15:07');
INSERT INTO `tb_goods_element` VALUES ('4AE2F9877BC74708A2607145FEE2BEEB', '45', '2017-08-03 15:15:07', '2017-08-03 15:15:07');
INSERT INTO `tb_goods_element` VALUES ('4AE2F9877BC74708A2607145FEE2BEEB', '33', '2017-08-03 15:15:07', '2017-08-03 15:15:07');
INSERT INTO `tb_goods_element` VALUES ('4AE2F9877BC74708A2607145FEE2BEEB', '21', '2017-08-03 15:15:07', '2017-08-03 15:15:07');
INSERT INTO `tb_goods_element` VALUES ('4AE2F9877BC74708A2607145FEE2BEEB', '9', '2017-08-03 15:15:07', '2017-08-03 15:15:07');
INSERT INTO `tb_goods_element` VALUES ('C0CCEDB964104F1495F8153EAADD03EC', '44', '2017-08-03 15:15:07', '2017-08-03 15:15:07');
INSERT INTO `tb_goods_element` VALUES ('C0CCEDB964104F1495F8153EAADD03EC', '32', '2017-08-03 15:15:07', '2017-08-03 15:15:07');
INSERT INTO `tb_goods_element` VALUES ('C0CCEDB964104F1495F8153EAADD03EC', '20', '2017-08-03 15:15:07', '2017-08-03 15:15:07');
INSERT INTO `tb_goods_element` VALUES ('C0CCEDB964104F1495F8153EAADD03EC', '8', '2017-08-03 15:15:07', '2017-08-03 15:15:07');
INSERT INTO `tb_goods_element` VALUES ('CCEF28CE74A446258A4F0B46D5EC1307', '43', '2017-08-03 15:15:07', '2017-08-03 15:15:07');
INSERT INTO `tb_goods_element` VALUES ('CCEF28CE74A446258A4F0B46D5EC1307', '31', '2017-08-03 15:15:07', '2017-08-03 15:15:07');
INSERT INTO `tb_goods_element` VALUES ('CCEF28CE74A446258A4F0B46D5EC1307', '19', '2017-08-03 15:15:07', '2017-08-03 15:15:07');
INSERT INTO `tb_goods_element` VALUES ('CCEF28CE74A446258A4F0B46D5EC1307', '7', '2017-08-03 15:15:07', '2017-08-03 15:15:07');
INSERT INTO `tb_goods_element` VALUES ('6931291CA71E4BD4B7CE410C7B8C4CE4', '42', '2017-08-03 15:15:07', '2017-08-03 15:15:07');
INSERT INTO `tb_goods_element` VALUES ('6931291CA71E4BD4B7CE410C7B8C4CE4', '30', '2017-08-03 15:15:07', '2017-08-03 15:15:07');
INSERT INTO `tb_goods_element` VALUES ('6931291CA71E4BD4B7CE410C7B8C4CE4', '18', '2017-08-03 15:15:07', '2017-08-03 15:15:07');
INSERT INTO `tb_goods_element` VALUES ('6931291CA71E4BD4B7CE410C7B8C4CE4', '6', '2017-08-03 15:15:07', '2017-08-03 15:15:07');
INSERT INTO `tb_goods_element` VALUES ('3077EF35B02D470E8DB8FF6F1963BE53', '41', '2017-08-03 15:15:07', '2017-08-03 15:15:07');
INSERT INTO `tb_goods_element` VALUES ('3077EF35B02D470E8DB8FF6F1963BE53', '29', '2017-08-03 15:15:07', '2017-08-03 15:15:07');
INSERT INTO `tb_goods_element` VALUES ('3077EF35B02D470E8DB8FF6F1963BE53', '17', '2017-08-03 15:15:07', '2017-08-03 15:15:07');
INSERT INTO `tb_goods_element` VALUES ('3077EF35B02D470E8DB8FF6F1963BE53', '5', '2017-08-03 15:15:07', '2017-08-03 15:15:07');
INSERT INTO `tb_goods_element` VALUES ('7EB10A72EA8A417296ACA64FF8C1F898', '40', '2017-08-03 15:15:07', '2017-08-03 15:15:07');
INSERT INTO `tb_goods_element` VALUES ('7EB10A72EA8A417296ACA64FF8C1F898', '28', '2017-08-03 15:15:07', '2017-08-03 15:15:07');
INSERT INTO `tb_goods_element` VALUES ('7EB10A72EA8A417296ACA64FF8C1F898', '16', '2017-08-03 15:15:07', '2017-08-03 15:15:07');
INSERT INTO `tb_goods_element` VALUES ('7EB10A72EA8A417296ACA64FF8C1F898', '4', '2017-08-03 15:15:07', '2017-08-03 15:15:07');
INSERT INTO `tb_goods_element` VALUES ('EB5A4D87A2A143D68862879B3EFE4494', '39', '2017-08-03 15:15:07', '2017-08-03 15:15:07');
INSERT INTO `tb_goods_element` VALUES ('EB5A4D87A2A143D68862879B3EFE4494', '27', '2017-08-03 15:15:07', '2017-08-03 15:15:07');
INSERT INTO `tb_goods_element` VALUES ('EB5A4D87A2A143D68862879B3EFE4494', '15', '2017-08-03 15:15:07', '2017-08-03 15:15:07');
INSERT INTO `tb_goods_element` VALUES ('EB5A4D87A2A143D68862879B3EFE4494', '3', '2017-08-03 15:15:07', '2017-08-03 15:15:07');
INSERT INTO `tb_goods_element` VALUES ('45FF5BF31D3649668255F60DA3DAE19C', '38', '2017-08-03 15:15:07', '2017-08-03 15:15:07');
INSERT INTO `tb_goods_element` VALUES ('45FF5BF31D3649668255F60DA3DAE19C', '26', '2017-08-03 15:15:07', '2017-08-03 15:15:07');
INSERT INTO `tb_goods_element` VALUES ('45FF5BF31D3649668255F60DA3DAE19C', '14', '2017-08-03 15:15:07', '2017-08-03 15:15:07');
INSERT INTO `tb_goods_element` VALUES ('45FF5BF31D3649668255F60DA3DAE19C', '2', '2017-08-03 15:15:07', '2017-08-03 15:15:07');
INSERT INTO `tb_goods_element` VALUES ('D8DAA321D7704F0EA2BD039ED3F23B48', '49', '2017-08-03 15:15:07', '2017-08-03 15:15:07');
INSERT INTO `tb_goods_element` VALUES ('D8DAA321D7704F0EA2BD039ED3F23B48', '37', '2017-08-03 15:15:07', '2017-08-03 15:15:07');
INSERT INTO `tb_goods_element` VALUES ('D8DAA321D7704F0EA2BD039ED3F23B48', '25', '2017-08-03 15:15:07', '2017-08-03 15:15:07');
INSERT INTO `tb_goods_element` VALUES ('D8DAA321D7704F0EA2BD039ED3F23B48', '13', '2017-08-03 15:15:07', '2017-08-03 15:15:07');
INSERT INTO `tb_goods_element` VALUES ('D8DAA321D7704F0EA2BD039ED3F23B48', '1', '2017-08-03 15:15:07', '2017-08-03 15:15:07');
INSERT INTO `tb_goods_element` VALUES ('FCEF8A9B5DA44005A5F2AE3932406BB1', '48', '2017-08-03 15:15:07', '2017-08-03 15:15:07');
INSERT INTO `tb_goods_element` VALUES ('FCEF8A9B5DA44005A5F2AE3932406BB1', '36', '2017-08-03 15:15:07', '2017-08-03 15:15:07');
INSERT INTO `tb_goods_element` VALUES ('FCEF8A9B5DA44005A5F2AE3932406BB1', '24', '2017-08-03 15:15:07', '2017-08-03 15:15:07');
INSERT INTO `tb_goods_element` VALUES ('FCEF8A9B5DA44005A5F2AE3932406BB1', '12', '2017-08-03 15:15:07', '2017-08-03 15:15:07');
INSERT INTO `tb_goods_element` VALUES ('ABB1BAB93AE24704A5E9D9ED0782E8EF', '47', '2017-08-03 15:15:07', '2017-08-03 15:15:07');
INSERT INTO `tb_goods_element` VALUES ('ABB1BAB93AE24704A5E9D9ED0782E8EF', '35', '2017-08-03 15:15:07', '2017-08-03 15:15:07');
INSERT INTO `tb_goods_element` VALUES ('ABB1BAB93AE24704A5E9D9ED0782E8EF', '23', '2017-08-03 15:15:07', '2017-08-03 15:15:07');
INSERT INTO `tb_goods_element` VALUES ('ABB1BAB93AE24704A5E9D9ED0782E8EF', '11', '2017-08-03 15:15:07', '2017-08-03 15:15:07');
INSERT INTO `tb_goods_element` VALUES ('7EA7C4A48717435E998BCD1CA913B2D2', '1', '2017-08-03 15:15:07', '2017-08-03 15:15:07');
INSERT INTO `tb_goods_element` VALUES ('7EA7C4A48717435E998BCD1CA913B2D2', '2', '2017-08-03 15:15:07', '2017-08-03 15:15:07');
INSERT INTO `tb_goods_element` VALUES ('7EA7C4A48717435E998BCD1CA913B2D2', '7', '2017-08-03 15:15:07', '2017-08-03 15:15:07');
INSERT INTO `tb_goods_element` VALUES ('7EA7C4A48717435E998BCD1CA913B2D2', '8', '2017-08-03 15:15:07', '2017-08-03 15:15:07');
INSERT INTO `tb_goods_element` VALUES ('7EA7C4A48717435E998BCD1CA913B2D2', '12', '2017-08-03 15:15:07', '2017-08-03 15:15:07');
INSERT INTO `tb_goods_element` VALUES ('7EA7C4A48717435E998BCD1CA913B2D2', '13', '2017-08-03 15:15:07', '2017-08-03 15:15:07');
INSERT INTO `tb_goods_element` VALUES ('7EA7C4A48717435E998BCD1CA913B2D2', '18', '2017-08-03 15:15:07', '2017-08-03 15:15:07');
INSERT INTO `tb_goods_element` VALUES ('7EA7C4A48717435E998BCD1CA913B2D2', '19', '2017-08-03 15:15:07', '2017-08-03 15:15:07');
INSERT INTO `tb_goods_element` VALUES ('7EA7C4A48717435E998BCD1CA913B2D2', '23', '2017-08-03 15:15:07', '2017-08-03 15:15:07');
INSERT INTO `tb_goods_element` VALUES ('7EA7C4A48717435E998BCD1CA913B2D2', '24', '2017-08-03 15:15:07', '2017-08-03 15:15:07');
INSERT INTO `tb_goods_element` VALUES ('7EA7C4A48717435E998BCD1CA913B2D2', '29', '2017-08-03 15:15:07', '2017-08-03 15:15:07');
INSERT INTO `tb_goods_element` VALUES ('7EA7C4A48717435E998BCD1CA913B2D2', '30', '2017-08-03 15:15:07', '2017-08-03 15:15:07');
INSERT INTO `tb_goods_element` VALUES ('7EA7C4A48717435E998BCD1CA913B2D2', '34', '2017-08-03 15:15:07', '2017-08-03 15:15:07');
INSERT INTO `tb_goods_element` VALUES ('7EA7C4A48717435E998BCD1CA913B2D2', '35', '2017-08-03 15:15:07', '2017-08-03 15:15:07');
INSERT INTO `tb_goods_element` VALUES ('7EA7C4A48717435E998BCD1CA913B2D2', '40', '2017-08-03 15:15:07', '2017-08-03 15:15:07');
INSERT INTO `tb_goods_element` VALUES ('7EA7C4A48717435E998BCD1CA913B2D2', '45', '2017-08-03 15:15:07', '2017-08-03 15:15:07');
INSERT INTO `tb_goods_element` VALUES ('7EA7C4A48717435E998BCD1CA913B2D2', '46', '2017-08-03 15:15:07', '2017-08-03 15:15:07');
INSERT INTO `tb_goods_element` VALUES ('996DB974A77E41DD841FDA54CCB5ED61', '3', '2017-08-03 15:15:07', '2017-08-03 15:15:07');
INSERT INTO `tb_goods_element` VALUES ('996DB974A77E41DD841FDA54CCB5ED61', '4', '2017-08-03 15:15:07', '2017-08-03 15:15:07');
INSERT INTO `tb_goods_element` VALUES ('996DB974A77E41DD841FDA54CCB5ED61', '9', '2017-08-03 15:15:07', '2017-08-03 15:15:07');
INSERT INTO `tb_goods_element` VALUES ('996DB974A77E41DD841FDA54CCB5ED61', '10', '2017-08-03 15:15:07', '2017-08-03 15:15:07');
INSERT INTO `tb_goods_element` VALUES ('996DB974A77E41DD841FDA54CCB5ED61', '14', '2017-08-03 15:15:07', '2017-08-03 15:15:07');
INSERT INTO `tb_goods_element` VALUES ('996DB974A77E41DD841FDA54CCB5ED61', '15', '2017-08-03 15:15:07', '2017-08-03 15:15:07');
INSERT INTO `tb_goods_element` VALUES ('996DB974A77E41DD841FDA54CCB5ED61', '20', '2017-08-03 15:15:07', '2017-08-03 15:15:07');
INSERT INTO `tb_goods_element` VALUES ('996DB974A77E41DD841FDA54CCB5ED61', '25', '2017-08-03 15:15:07', '2017-08-03 15:15:07');
INSERT INTO `tb_goods_element` VALUES ('996DB974A77E41DD841FDA54CCB5ED61', '26', '2017-08-03 15:15:07', '2017-08-03 15:15:07');
INSERT INTO `tb_goods_element` VALUES ('996DB974A77E41DD841FDA54CCB5ED61', '31', '2017-08-03 15:15:07', '2017-08-03 15:15:07');
INSERT INTO `tb_goods_element` VALUES ('996DB974A77E41DD841FDA54CCB5ED61', '36', '2017-08-03 15:15:07', '2017-08-03 15:15:07');
INSERT INTO `tb_goods_element` VALUES ('996DB974A77E41DD841FDA54CCB5ED61', '37', '2017-08-03 15:15:07', '2017-08-03 15:15:07');
INSERT INTO `tb_goods_element` VALUES ('996DB974A77E41DD841FDA54CCB5ED61', '41', '2017-08-03 15:15:07', '2017-08-03 15:15:07');
INSERT INTO `tb_goods_element` VALUES ('996DB974A77E41DD841FDA54CCB5ED61', '42', '2017-08-03 15:15:07', '2017-08-03 15:15:07');
INSERT INTO `tb_goods_element` VALUES ('996DB974A77E41DD841FDA54CCB5ED61', '47', '2017-08-03 15:15:07', '2017-08-03 15:15:07');
INSERT INTO `tb_goods_element` VALUES ('996DB974A77E41DD841FDA54CCB5ED61', '48', '2017-08-03 15:15:07', '2017-08-03 15:15:07');
INSERT INTO `tb_goods_element` VALUES ('FDD8E2568D274F0A89060B9E6C952364', '5', '2017-08-03 15:15:07', '2017-08-03 15:15:07');
INSERT INTO `tb_goods_element` VALUES ('FDD8E2568D274F0A89060B9E6C952364', '6', '2017-08-03 15:15:07', '2017-08-03 15:15:07');
INSERT INTO `tb_goods_element` VALUES ('FDD8E2568D274F0A89060B9E6C952364', '11', '2017-08-03 15:15:07', '2017-08-03 15:15:07');
INSERT INTO `tb_goods_element` VALUES ('FDD8E2568D274F0A89060B9E6C952364', '16', '2017-08-03 15:15:07', '2017-08-03 15:15:07');
INSERT INTO `tb_goods_element` VALUES ('FDD8E2568D274F0A89060B9E6C952364', '17', '2017-08-03 15:15:07', '2017-08-03 15:15:07');
INSERT INTO `tb_goods_element` VALUES ('FDD8E2568D274F0A89060B9E6C952364', '21', '2017-08-03 15:15:07', '2017-08-03 15:15:07');
INSERT INTO `tb_goods_element` VALUES ('FDD8E2568D274F0A89060B9E6C952364', '22', '2017-08-03 15:15:07', '2017-08-03 15:15:07');
INSERT INTO `tb_goods_element` VALUES ('FDD8E2568D274F0A89060B9E6C952364', '27', '2017-08-03 15:15:07', '2017-08-03 15:15:07');
INSERT INTO `tb_goods_element` VALUES ('FDD8E2568D274F0A89060B9E6C952364', '28', '2017-08-03 15:15:07', '2017-08-03 15:15:07');
INSERT INTO `tb_goods_element` VALUES ('FDD8E2568D274F0A89060B9E6C952364', '32', '2017-08-03 15:15:07', '2017-08-03 15:15:07');
INSERT INTO `tb_goods_element` VALUES ('FDD8E2568D274F0A89060B9E6C952364', '33', '2017-08-03 15:15:07', '2017-08-03 15:15:07');
INSERT INTO `tb_goods_element` VALUES ('FDD8E2568D274F0A89060B9E6C952364', '38', '2017-08-03 15:15:07', '2017-08-03 15:15:07');
INSERT INTO `tb_goods_element` VALUES ('FDD8E2568D274F0A89060B9E6C952364', '39', '2017-08-03 15:15:07', '2017-08-03 15:15:07');
INSERT INTO `tb_goods_element` VALUES ('FDD8E2568D274F0A89060B9E6C952364', '43', '2017-08-03 15:15:07', '2017-08-03 15:15:07');
INSERT INTO `tb_goods_element` VALUES ('FDD8E2568D274F0A89060B9E6C952364', '44', '2017-08-03 15:15:07', '2017-08-03 15:15:07');
INSERT INTO `tb_goods_element` VALUES ('FDD8E2568D274F0A89060B9E6C952364', '49', '2017-08-03 15:15:07', '2017-08-03 15:15:07');
INSERT INTO `tb_goods_element` VALUES ('BAE9911DD8A64654B40EA7E9E5E90D67', '3', '2017-08-03 15:15:07', '2017-08-03 15:15:07');
INSERT INTO `tb_goods_element` VALUES ('BAE9911DD8A64654B40EA7E9E5E90D67', '4', '2017-08-03 15:15:07', '2017-08-03 15:15:07');
INSERT INTO `tb_goods_element` VALUES ('BAE9911DD8A64654B40EA7E9E5E90D67', '17', '2017-08-03 15:15:07', '2017-08-03 15:15:07');
INSERT INTO `tb_goods_element` VALUES ('BAE9911DD8A64654B40EA7E9E5E90D67', '18', '2017-08-03 15:15:07', '2017-08-03 15:15:07');
INSERT INTO `tb_goods_element` VALUES ('BAE9911DD8A64654B40EA7E9E5E90D67', '25', '2017-08-03 15:15:07', '2017-08-03 15:15:07');
INSERT INTO `tb_goods_element` VALUES ('BAE9911DD8A64654B40EA7E9E5E90D67', '26', '2017-08-03 15:15:07', '2017-08-03 15:15:07');
INSERT INTO `tb_goods_element` VALUES ('BAE9911DD8A64654B40EA7E9E5E90D67', '33', '2017-08-03 15:15:07', '2017-08-03 15:15:07');
INSERT INTO `tb_goods_element` VALUES ('BAE9911DD8A64654B40EA7E9E5E90D67', '34', '2017-08-03 15:15:07', '2017-08-03 15:15:07');
INSERT INTO `tb_goods_element` VALUES ('BAE9911DD8A64654B40EA7E9E5E90D67', '47', '2017-08-03 15:15:07', '2017-08-03 15:15:07');
INSERT INTO `tb_goods_element` VALUES ('BAE9911DD8A64654B40EA7E9E5E90D67', '48', '2017-08-03 15:15:07', '2017-08-03 15:15:07');
INSERT INTO `tb_goods_element` VALUES ('F658461341C548618340BE7061AC7BC7', '7', '2017-08-03 15:15:07', '2017-08-03 15:15:07');
INSERT INTO `tb_goods_element` VALUES ('F658461341C548618340BE7061AC7BC7', '8', '2017-08-03 15:15:07', '2017-08-03 15:15:07');
INSERT INTO `tb_goods_element` VALUES ('F658461341C548618340BE7061AC7BC7', '15', '2017-08-03 15:15:07', '2017-08-03 15:15:07');
INSERT INTO `tb_goods_element` VALUES ('F658461341C548618340BE7061AC7BC7', '16', '2017-08-03 15:15:07', '2017-08-03 15:15:07');
INSERT INTO `tb_goods_element` VALUES ('F658461341C548618340BE7061AC7BC7', '29', '2017-08-03 15:15:07', '2017-08-03 15:15:07');
INSERT INTO `tb_goods_element` VALUES ('F658461341C548618340BE7061AC7BC7', '30', '2017-08-03 15:15:07', '2017-08-03 15:15:07');
INSERT INTO `tb_goods_element` VALUES ('F658461341C548618340BE7061AC7BC7', '37', '2017-08-03 15:15:07', '2017-08-03 15:15:07');
INSERT INTO `tb_goods_element` VALUES ('F658461341C548618340BE7061AC7BC7', '38', '2017-08-03 15:15:07', '2017-08-03 15:15:07');
INSERT INTO `tb_goods_element` VALUES ('F658461341C548618340BE7061AC7BC7', '45', '2017-08-03 15:15:07', '2017-08-03 15:15:07');
INSERT INTO `tb_goods_element` VALUES ('F658461341C548618340BE7061AC7BC7', '46', '2017-08-03 15:15:07', '2017-08-03 15:15:07');
INSERT INTO `tb_goods_element` VALUES ('B028796C6D1D45849BBFC6A15996469B', '5', '2017-08-03 15:15:07', '2017-08-03 15:15:07');
INSERT INTO `tb_goods_element` VALUES ('B028796C6D1D45849BBFC6A15996469B', '6', '2017-08-03 15:15:07', '2017-08-03 15:15:07');
INSERT INTO `tb_goods_element` VALUES ('B028796C6D1D45849BBFC6A15996469B', '13', '2017-08-03 15:15:07', '2017-08-03 15:15:07');
INSERT INTO `tb_goods_element` VALUES ('B028796C6D1D45849BBFC6A15996469B', '14', '2017-08-03 15:15:07', '2017-08-03 15:15:07');
INSERT INTO `tb_goods_element` VALUES ('B028796C6D1D45849BBFC6A15996469B', '21', '2017-08-03 15:15:07', '2017-08-03 15:15:07');
INSERT INTO `tb_goods_element` VALUES ('B028796C6D1D45849BBFC6A15996469B', '22', '2017-08-03 15:15:07', '2017-08-03 15:15:07');
INSERT INTO `tb_goods_element` VALUES ('B028796C6D1D45849BBFC6A15996469B', '35', '2017-08-03 15:15:07', '2017-08-03 15:15:07');
INSERT INTO `tb_goods_element` VALUES ('B028796C6D1D45849BBFC6A15996469B', '36', '2017-08-03 15:15:07', '2017-08-03 15:15:07');
INSERT INTO `tb_goods_element` VALUES ('B028796C6D1D45849BBFC6A15996469B', '43', '2017-08-03 15:15:07', '2017-08-03 15:15:07');
INSERT INTO `tb_goods_element` VALUES ('B028796C6D1D45849BBFC6A15996469B', '44', '2017-08-03 15:15:07', '2017-08-03 15:15:07');
INSERT INTO `tb_goods_element` VALUES ('381E4E1400A04F36AE1FFBFBC4025CE3', '1', '2017-08-03 15:15:07', '2017-08-03 15:15:07');
INSERT INTO `tb_goods_element` VALUES ('381E4E1400A04F36AE1FFBFBC4025CE3', '2', '2017-08-03 15:15:07', '2017-08-03 15:15:07');
INSERT INTO `tb_goods_element` VALUES ('381E4E1400A04F36AE1FFBFBC4025CE3', '9', '2017-08-03 15:15:07', '2017-08-03 15:15:07');
INSERT INTO `tb_goods_element` VALUES ('381E4E1400A04F36AE1FFBFBC4025CE3', '10', '2017-08-03 15:15:07', '2017-08-03 15:15:07');
INSERT INTO `tb_goods_element` VALUES ('381E4E1400A04F36AE1FFBFBC4025CE3', '23', '2017-08-03 15:15:07', '2017-08-03 15:15:07');
INSERT INTO `tb_goods_element` VALUES ('381E4E1400A04F36AE1FFBFBC4025CE3', '24', '2017-08-03 15:15:07', '2017-08-03 15:15:07');
INSERT INTO `tb_goods_element` VALUES ('381E4E1400A04F36AE1FFBFBC4025CE3', '31', '2017-08-03 15:15:07', '2017-08-03 15:15:07');
INSERT INTO `tb_goods_element` VALUES ('381E4E1400A04F36AE1FFBFBC4025CE3', '32', '2017-08-03 15:15:07', '2017-08-03 15:15:07');
INSERT INTO `tb_goods_element` VALUES ('381E4E1400A04F36AE1FFBFBC4025CE3', '39', '2017-08-03 15:15:07', '2017-08-03 15:15:07');
INSERT INTO `tb_goods_element` VALUES ('381E4E1400A04F36AE1FFBFBC4025CE3', '40', '2017-08-03 15:15:07', '2017-08-03 15:15:07');
INSERT INTO `tb_goods_element` VALUES ('BE07823AD89645BF9955250EF6496CD2', '11', '2017-08-03 15:15:07', '2017-08-03 15:15:07');
INSERT INTO `tb_goods_element` VALUES ('BE07823AD89645BF9955250EF6496CD2', '12', '2017-08-03 15:15:07', '2017-08-03 15:15:07');
INSERT INTO `tb_goods_element` VALUES ('BE07823AD89645BF9955250EF6496CD2', '19', '2017-08-03 15:15:07', '2017-08-03 15:15:07');
INSERT INTO `tb_goods_element` VALUES ('BE07823AD89645BF9955250EF6496CD2', '20', '2017-08-03 15:15:07', '2017-08-03 15:15:07');
INSERT INTO `tb_goods_element` VALUES ('BE07823AD89645BF9955250EF6496CD2', '27', '2017-08-03 15:15:07', '2017-08-03 15:15:07');
INSERT INTO `tb_goods_element` VALUES ('BE07823AD89645BF9955250EF6496CD2', '28', '2017-08-03 15:15:07', '2017-08-03 15:15:07');
INSERT INTO `tb_goods_element` VALUES ('BE07823AD89645BF9955250EF6496CD2', '41', '2017-08-03 15:15:07', '2017-08-03 15:15:07');
INSERT INTO `tb_goods_element` VALUES ('BE07823AD89645BF9955250EF6496CD2', '42', '2017-08-03 15:15:07', '2017-08-03 15:15:07');
INSERT INTO `tb_goods_element` VALUES ('BE07823AD89645BF9955250EF6496CD2', '49', '2017-08-03 15:15:07', '2017-08-03 15:15:07');
INSERT INTO `tb_goods_element` VALUES ('29B04F7DCBA74730AC2B704D58539304', '2', '2017-08-03 15:15:07', '2017-08-03 15:15:07');
INSERT INTO `tb_goods_element` VALUES ('29B04F7DCBA74730AC2B704D58539304', '5', '2017-08-03 15:15:07', '2017-08-03 15:15:07');
INSERT INTO `tb_goods_element` VALUES ('29B04F7DCBA74730AC2B704D58539304', '6', '2017-08-03 15:15:07', '2017-08-03 15:15:07');
INSERT INTO `tb_goods_element` VALUES ('29B04F7DCBA74730AC2B704D58539304', '7', '2017-08-03 15:15:07', '2017-08-03 15:15:07');
INSERT INTO `tb_goods_element` VALUES ('29B04F7DCBA74730AC2B704D58539304', '8', '2017-08-03 15:15:07', '2017-08-03 15:15:07');
INSERT INTO `tb_goods_element` VALUES ('29B04F7DCBA74730AC2B704D58539304', '10', '2017-08-03 15:15:07', '2017-08-03 15:15:07');
INSERT INTO `tb_goods_element` VALUES ('29B04F7DCBA74730AC2B704D58539304', '14', '2017-08-03 15:15:07', '2017-08-03 15:15:07');
INSERT INTO `tb_goods_element` VALUES ('29B04F7DCBA74730AC2B704D58539304', '17', '2017-08-03 15:15:07', '2017-08-03 15:15:07');
INSERT INTO `tb_goods_element` VALUES ('29B04F7DCBA74730AC2B704D58539304', '18', '2017-08-03 15:15:07', '2017-08-03 15:15:07');
INSERT INTO `tb_goods_element` VALUES ('29B04F7DCBA74730AC2B704D58539304', '19', '2017-08-03 15:15:07', '2017-08-03 15:15:07');
INSERT INTO `tb_goods_element` VALUES ('29B04F7DCBA74730AC2B704D58539304', '20', '2017-08-03 15:15:07', '2017-08-03 15:15:07');
INSERT INTO `tb_goods_element` VALUES ('29B04F7DCBA74730AC2B704D58539304', '22', '2017-08-03 15:15:07', '2017-08-03 15:15:07');
INSERT INTO `tb_goods_element` VALUES ('29B04F7DCBA74730AC2B704D58539304', '26', '2017-08-03 15:15:07', '2017-08-03 15:15:07');
INSERT INTO `tb_goods_element` VALUES ('29B04F7DCBA74730AC2B704D58539304', '29', '2017-08-03 15:15:07', '2017-08-03 15:15:07');
INSERT INTO `tb_goods_element` VALUES ('29B04F7DCBA74730AC2B704D58539304', '30', '2017-08-03 15:15:07', '2017-08-03 15:15:07');
INSERT INTO `tb_goods_element` VALUES ('29B04F7DCBA74730AC2B704D58539304', '31', '2017-08-03 15:15:07', '2017-08-03 15:15:07');
INSERT INTO `tb_goods_element` VALUES ('29B04F7DCBA74730AC2B704D58539304', '32', '2017-08-03 15:15:07', '2017-08-03 15:15:07');
INSERT INTO `tb_goods_element` VALUES ('29B04F7DCBA74730AC2B704D58539304', '34', '2017-08-03 15:15:07', '2017-08-03 15:15:07');
INSERT INTO `tb_goods_element` VALUES ('29B04F7DCBA74730AC2B704D58539304', '38', '2017-08-03 15:15:07', '2017-08-03 15:15:07');
INSERT INTO `tb_goods_element` VALUES ('29B04F7DCBA74730AC2B704D58539304', '41', '2017-08-03 15:15:07', '2017-08-03 15:15:07');
INSERT INTO `tb_goods_element` VALUES ('29B04F7DCBA74730AC2B704D58539304', '42', '2017-08-03 15:15:07', '2017-08-03 15:15:07');
INSERT INTO `tb_goods_element` VALUES ('29B04F7DCBA74730AC2B704D58539304', '43', '2017-08-03 15:15:07', '2017-08-03 15:15:07');
INSERT INTO `tb_goods_element` VALUES ('29B04F7DCBA74730AC2B704D58539304', '44', '2017-08-03 15:15:07', '2017-08-03 15:15:07');
INSERT INTO `tb_goods_element` VALUES ('29B04F7DCBA74730AC2B704D58539304', '46', '2017-08-03 15:15:07', '2017-08-03 15:15:07');
INSERT INTO `tb_goods_element` VALUES ('9E031B4252D9451386A34F7C97B7C00E', '1', '2017-08-03 15:15:07', '2017-08-03 15:15:07');
INSERT INTO `tb_goods_element` VALUES ('9E031B4252D9451386A34F7C97B7C00E', '3', '2017-08-03 15:15:07', '2017-08-03 15:15:07');
INSERT INTO `tb_goods_element` VALUES ('9E031B4252D9451386A34F7C97B7C00E', '4', '2017-08-03 15:15:07', '2017-08-03 15:15:07');
INSERT INTO `tb_goods_element` VALUES ('9E031B4252D9451386A34F7C97B7C00E', '9', '2017-08-03 15:15:07', '2017-08-03 15:15:07');
INSERT INTO `tb_goods_element` VALUES ('9E031B4252D9451386A34F7C97B7C00E', '11', '2017-08-03 15:15:07', '2017-08-03 15:15:07');
INSERT INTO `tb_goods_element` VALUES ('9E031B4252D9451386A34F7C97B7C00E', '12', '2017-08-03 15:15:07', '2017-08-03 15:15:07');
INSERT INTO `tb_goods_element` VALUES ('9E031B4252D9451386A34F7C97B7C00E', '13', '2017-08-03 15:15:07', '2017-08-03 15:15:07');
INSERT INTO `tb_goods_element` VALUES ('9E031B4252D9451386A34F7C97B7C00E', '15', '2017-08-03 15:15:07', '2017-08-03 15:15:07');
INSERT INTO `tb_goods_element` VALUES ('9E031B4252D9451386A34F7C97B7C00E', '16', '2017-08-03 15:15:07', '2017-08-03 15:15:07');
INSERT INTO `tb_goods_element` VALUES ('9E031B4252D9451386A34F7C97B7C00E', '21', '2017-08-03 15:15:07', '2017-08-03 15:15:07');
INSERT INTO `tb_goods_element` VALUES ('9E031B4252D9451386A34F7C97B7C00E', '23', '2017-08-03 15:15:07', '2017-08-03 15:15:07');
INSERT INTO `tb_goods_element` VALUES ('9E031B4252D9451386A34F7C97B7C00E', '24', '2017-08-03 15:15:07', '2017-08-03 15:15:07');
INSERT INTO `tb_goods_element` VALUES ('9E031B4252D9451386A34F7C97B7C00E', '25', '2017-08-03 15:15:07', '2017-08-03 15:15:07');
INSERT INTO `tb_goods_element` VALUES ('9E031B4252D9451386A34F7C97B7C00E', '27', '2017-08-03 15:15:07', '2017-08-03 15:15:07');
INSERT INTO `tb_goods_element` VALUES ('9E031B4252D9451386A34F7C97B7C00E', '28', '2017-08-03 15:15:07', '2017-08-03 15:15:07');
INSERT INTO `tb_goods_element` VALUES ('9E031B4252D9451386A34F7C97B7C00E', '33', '2017-08-03 15:15:07', '2017-08-03 15:15:07');
INSERT INTO `tb_goods_element` VALUES ('9E031B4252D9451386A34F7C97B7C00E', '35', '2017-08-03 15:15:07', '2017-08-03 15:15:07');
INSERT INTO `tb_goods_element` VALUES ('9E031B4252D9451386A34F7C97B7C00E', '36', '2017-08-03 15:15:07', '2017-08-03 15:15:07');
INSERT INTO `tb_goods_element` VALUES ('9E031B4252D9451386A34F7C97B7C00E', '37', '2017-08-03 15:15:07', '2017-08-03 15:15:07');
INSERT INTO `tb_goods_element` VALUES ('9E031B4252D9451386A34F7C97B7C00E', '39', '2017-08-03 15:15:07', '2017-08-03 15:15:07');
INSERT INTO `tb_goods_element` VALUES ('9E031B4252D9451386A34F7C97B7C00E', '40', '2017-08-03 15:15:07', '2017-08-03 15:15:07');
INSERT INTO `tb_goods_element` VALUES ('9E031B4252D9451386A34F7C97B7C00E', '45', '2017-08-03 15:15:07', '2017-08-03 15:15:07');
INSERT INTO `tb_goods_element` VALUES ('9E031B4252D9451386A34F7C97B7C00E', '47', '2017-08-03 15:15:07', '2017-08-03 15:15:07');
INSERT INTO `tb_goods_element` VALUES ('9E031B4252D9451386A34F7C97B7C00E', '48', '2017-08-03 15:15:07', '2017-08-03 15:15:07');
INSERT INTO `tb_goods_element` VALUES ('9E031B4252D9451386A34F7C97B7C00E', '49', '2017-08-03 15:15:07', '2017-08-03 15:15:07');
INSERT INTO `tb_goods_element` VALUES ('DF00E3DCBA6B4B1F92AFA837F740567E', '1', '2017-08-03 15:15:07', '2017-08-03 15:15:07');
INSERT INTO `tb_goods_element` VALUES ('DF00E3DCBA6B4B1F92AFA837F740567E', '2', '2017-08-03 15:15:07', '2017-08-03 15:15:07');
INSERT INTO `tb_goods_element` VALUES ('DF00E3DCBA6B4B1F92AFA837F740567E', '3', '2017-08-03 15:15:07', '2017-08-03 15:15:07');
INSERT INTO `tb_goods_element` VALUES ('DF00E3DCBA6B4B1F92AFA837F740567E', '4', '2017-08-03 15:15:07', '2017-08-03 15:15:07');
INSERT INTO `tb_goods_element` VALUES ('DF00E3DCBA6B4B1F92AFA837F740567E', '5', '2017-08-03 15:15:07', '2017-08-03 15:15:07');
INSERT INTO `tb_goods_element` VALUES ('DF00E3DCBA6B4B1F92AFA837F740567E', '6', '2017-08-03 15:15:07', '2017-08-03 15:15:07');
INSERT INTO `tb_goods_element` VALUES ('DF00E3DCBA6B4B1F92AFA837F740567E', '7', '2017-08-03 15:15:07', '2017-08-03 15:15:07');
INSERT INTO `tb_goods_element` VALUES ('DF00E3DCBA6B4B1F92AFA837F740567E', '8', '2017-08-03 15:15:07', '2017-08-03 15:15:07');
INSERT INTO `tb_goods_element` VALUES ('DF00E3DCBA6B4B1F92AFA837F740567E', '9', '2017-08-03 15:15:07', '2017-08-03 15:15:07');
INSERT INTO `tb_goods_element` VALUES ('DF00E3DCBA6B4B1F92AFA837F740567E', '10', '2017-08-03 15:15:07', '2017-08-03 15:15:07');
INSERT INTO `tb_goods_element` VALUES ('DF00E3DCBA6B4B1F92AFA837F740567E', '11', '2017-08-03 15:15:07', '2017-08-03 15:15:07');
INSERT INTO `tb_goods_element` VALUES ('DF00E3DCBA6B4B1F92AFA837F740567E', '12', '2017-08-03 15:15:07', '2017-08-03 15:15:07');
INSERT INTO `tb_goods_element` VALUES ('DF00E3DCBA6B4B1F92AFA837F740567E', '13', '2017-08-03 15:15:07', '2017-08-03 15:15:07');
INSERT INTO `tb_goods_element` VALUES ('DF00E3DCBA6B4B1F92AFA837F740567E', '14', '2017-08-03 15:15:07', '2017-08-03 15:15:07');
INSERT INTO `tb_goods_element` VALUES ('DF00E3DCBA6B4B1F92AFA837F740567E', '15', '2017-08-03 15:15:07', '2017-08-03 15:15:07');
INSERT INTO `tb_goods_element` VALUES ('DF00E3DCBA6B4B1F92AFA837F740567E', '16', '2017-08-03 15:15:07', '2017-08-03 15:15:07');
INSERT INTO `tb_goods_element` VALUES ('DF00E3DCBA6B4B1F92AFA837F740567E', '17', '2017-08-03 15:15:07', '2017-08-03 15:15:07');
INSERT INTO `tb_goods_element` VALUES ('DF00E3DCBA6B4B1F92AFA837F740567E', '18', '2017-08-03 15:15:07', '2017-08-03 15:15:07');
INSERT INTO `tb_goods_element` VALUES ('DF00E3DCBA6B4B1F92AFA837F740567E', '19', '2017-08-03 15:15:07', '2017-08-03 15:15:07');
INSERT INTO `tb_goods_element` VALUES ('DF00E3DCBA6B4B1F92AFA837F740567E', '20', '2017-08-03 15:15:07', '2017-08-03 15:15:07');
INSERT INTO `tb_goods_element` VALUES ('DF00E3DCBA6B4B1F92AFA837F740567E', '21', '2017-08-03 15:15:07', '2017-08-03 15:15:07');
INSERT INTO `tb_goods_element` VALUES ('DF00E3DCBA6B4B1F92AFA837F740567E', '22', '2017-08-03 15:15:07', '2017-08-03 15:15:07');
INSERT INTO `tb_goods_element` VALUES ('DF00E3DCBA6B4B1F92AFA837F740567E', '23', '2017-08-03 15:15:07', '2017-08-03 15:15:07');
INSERT INTO `tb_goods_element` VALUES ('DF00E3DCBA6B4B1F92AFA837F740567E', '24', '2017-08-03 15:15:07', '2017-08-03 15:15:07');
INSERT INTO `tb_goods_element` VALUES ('5EB31EB3766042E793FDE98CB1B3CEF1', '25', '2017-08-03 15:15:07', '2017-08-03 15:15:07');
INSERT INTO `tb_goods_element` VALUES ('5EB31EB3766042E793FDE98CB1B3CEF1', '26', '2017-08-03 15:15:07', '2017-08-03 15:15:07');
INSERT INTO `tb_goods_element` VALUES ('5EB31EB3766042E793FDE98CB1B3CEF1', '27', '2017-08-03 15:15:07', '2017-08-03 15:15:07');
INSERT INTO `tb_goods_element` VALUES ('5EB31EB3766042E793FDE98CB1B3CEF1', '28', '2017-08-03 15:15:07', '2017-08-03 15:15:07');
INSERT INTO `tb_goods_element` VALUES ('5EB31EB3766042E793FDE98CB1B3CEF1', '29', '2017-08-03 15:15:07', '2017-08-03 15:15:07');
INSERT INTO `tb_goods_element` VALUES ('5EB31EB3766042E793FDE98CB1B3CEF1', '30', '2017-08-03 15:15:07', '2017-08-03 15:15:07');
INSERT INTO `tb_goods_element` VALUES ('5EB31EB3766042E793FDE98CB1B3CEF1', '31', '2017-08-03 15:15:07', '2017-08-03 15:15:07');
INSERT INTO `tb_goods_element` VALUES ('5EB31EB3766042E793FDE98CB1B3CEF1', '32', '2017-08-03 15:15:07', '2017-08-03 15:15:07');
INSERT INTO `tb_goods_element` VALUES ('5EB31EB3766042E793FDE98CB1B3CEF1', '33', '2017-08-03 15:15:07', '2017-08-03 15:15:07');
INSERT INTO `tb_goods_element` VALUES ('5EB31EB3766042E793FDE98CB1B3CEF1', '34', '2017-08-03 15:15:07', '2017-08-03 15:15:07');
INSERT INTO `tb_goods_element` VALUES ('5EB31EB3766042E793FDE98CB1B3CEF1', '35', '2017-08-03 15:15:07', '2017-08-03 15:15:07');
INSERT INTO `tb_goods_element` VALUES ('5EB31EB3766042E793FDE98CB1B3CEF1', '36', '2017-08-03 15:15:07', '2017-08-03 15:15:07');
INSERT INTO `tb_goods_element` VALUES ('5EB31EB3766042E793FDE98CB1B3CEF1', '37', '2017-08-03 15:15:07', '2017-08-03 15:15:07');
INSERT INTO `tb_goods_element` VALUES ('5EB31EB3766042E793FDE98CB1B3CEF1', '38', '2017-08-03 15:15:07', '2017-08-03 15:15:07');
INSERT INTO `tb_goods_element` VALUES ('5EB31EB3766042E793FDE98CB1B3CEF1', '39', '2017-08-03 15:15:07', '2017-08-03 15:15:07');
INSERT INTO `tb_goods_element` VALUES ('5EB31EB3766042E793FDE98CB1B3CEF1', '40', '2017-08-03 15:15:07', '2017-08-03 15:15:07');
INSERT INTO `tb_goods_element` VALUES ('5EB31EB3766042E793FDE98CB1B3CEF1', '41', '2017-08-03 15:15:07', '2017-08-03 15:15:07');
INSERT INTO `tb_goods_element` VALUES ('5EB31EB3766042E793FDE98CB1B3CEF1', '42', '2017-08-03 15:15:07', '2017-08-03 15:15:07');
INSERT INTO `tb_goods_element` VALUES ('5EB31EB3766042E793FDE98CB1B3CEF1', '43', '2017-08-03 15:15:07', '2017-08-03 15:15:07');
INSERT INTO `tb_goods_element` VALUES ('5EB31EB3766042E793FDE98CB1B3CEF1', '44', '2017-08-03 15:15:07', '2017-08-03 15:15:07');
INSERT INTO `tb_goods_element` VALUES ('5EB31EB3766042E793FDE98CB1B3CEF1', '45', '2017-08-03 15:15:07', '2017-08-03 15:15:07');
INSERT INTO `tb_goods_element` VALUES ('5EB31EB3766042E793FDE98CB1B3CEF1', '46', '2017-08-03 15:15:07', '2017-08-03 15:15:07');
INSERT INTO `tb_goods_element` VALUES ('5EB31EB3766042E793FDE98CB1B3CEF1', '47', '2017-08-03 15:15:07', '2017-08-03 15:15:07');
INSERT INTO `tb_goods_element` VALUES ('5EB31EB3766042E793FDE98CB1B3CEF1', '48', '2017-08-03 15:15:07', '2017-08-03 15:15:07');
INSERT INTO `tb_goods_element` VALUES ('5EB31EB3766042E793FDE98CB1B3CEF1', '49', '2017-08-03 15:15:07', '2017-08-03 15:15:07');
INSERT INTO `tb_goods_element` VALUES ('8BEE7A04259B44619BE52B40B9C7C666', '1', '2017-08-03 15:15:07', '2017-08-03 15:15:07');
INSERT INTO `tb_goods_element` VALUES ('8BEE7A04259B44619BE52B40B9C7C666', '3', '2017-08-03 15:15:07', '2017-08-03 15:15:07');
INSERT INTO `tb_goods_element` VALUES ('8BEE7A04259B44619BE52B40B9C7C666', '5', '2017-08-03 15:15:07', '2017-08-03 15:15:07');
INSERT INTO `tb_goods_element` VALUES ('8BEE7A04259B44619BE52B40B9C7C666', '7', '2017-08-03 15:15:07', '2017-08-03 15:15:07');
INSERT INTO `tb_goods_element` VALUES ('8BEE7A04259B44619BE52B40B9C7C666', '9', '2017-08-03 15:15:07', '2017-08-03 15:15:07');
INSERT INTO `tb_goods_element` VALUES ('8BEE7A04259B44619BE52B40B9C7C666', '11', '2017-08-03 15:15:07', '2017-08-03 15:15:07');
INSERT INTO `tb_goods_element` VALUES ('8BEE7A04259B44619BE52B40B9C7C666', '13', '2017-08-03 15:15:07', '2017-08-03 15:15:07');
INSERT INTO `tb_goods_element` VALUES ('8BEE7A04259B44619BE52B40B9C7C666', '15', '2017-08-03 15:15:07', '2017-08-03 15:15:07');
INSERT INTO `tb_goods_element` VALUES ('8BEE7A04259B44619BE52B40B9C7C666', '17', '2017-08-03 15:15:07', '2017-08-03 15:15:07');
INSERT INTO `tb_goods_element` VALUES ('8BEE7A04259B44619BE52B40B9C7C666', '19', '2017-08-03 15:15:07', '2017-08-03 15:15:07');
INSERT INTO `tb_goods_element` VALUES ('8BEE7A04259B44619BE52B40B9C7C666', '21', '2017-08-03 15:15:07', '2017-08-03 15:15:07');
INSERT INTO `tb_goods_element` VALUES ('8BEE7A04259B44619BE52B40B9C7C666', '23', '2017-08-03 15:15:07', '2017-08-03 15:15:07');
INSERT INTO `tb_goods_element` VALUES ('8BEE7A04259B44619BE52B40B9C7C666', '25', '2017-08-03 15:15:07', '2017-08-03 15:15:07');
INSERT INTO `tb_goods_element` VALUES ('8BEE7A04259B44619BE52B40B9C7C666', '27', '2017-08-03 15:15:07', '2017-08-03 15:15:07');
INSERT INTO `tb_goods_element` VALUES ('8BEE7A04259B44619BE52B40B9C7C666', '29', '2017-08-03 15:15:07', '2017-08-03 15:15:07');
INSERT INTO `tb_goods_element` VALUES ('8BEE7A04259B44619BE52B40B9C7C666', '31', '2017-08-03 15:15:07', '2017-08-03 15:15:07');
INSERT INTO `tb_goods_element` VALUES ('8BEE7A04259B44619BE52B40B9C7C666', '33', '2017-08-03 15:15:07', '2017-08-03 15:15:07');
INSERT INTO `tb_goods_element` VALUES ('8BEE7A04259B44619BE52B40B9C7C666', '35', '2017-08-03 15:15:07', '2017-08-03 15:15:07');
INSERT INTO `tb_goods_element` VALUES ('8BEE7A04259B44619BE52B40B9C7C666', '37', '2017-08-03 15:15:07', '2017-08-03 15:15:07');
INSERT INTO `tb_goods_element` VALUES ('8BEE7A04259B44619BE52B40B9C7C666', '39', '2017-08-03 15:15:07', '2017-08-03 15:15:07');
INSERT INTO `tb_goods_element` VALUES ('8BEE7A04259B44619BE52B40B9C7C666', '41', '2017-08-03 15:15:07', '2017-08-03 15:15:07');
INSERT INTO `tb_goods_element` VALUES ('8BEE7A04259B44619BE52B40B9C7C666', '43', '2017-08-03 15:15:07', '2017-08-03 15:15:07');
INSERT INTO `tb_goods_element` VALUES ('8BEE7A04259B44619BE52B40B9C7C666', '45', '2017-08-03 15:15:07', '2017-08-03 15:15:07');
INSERT INTO `tb_goods_element` VALUES ('8BEE7A04259B44619BE52B40B9C7C666', '47', '2017-08-03 15:15:07', '2017-08-03 15:15:07');
INSERT INTO `tb_goods_element` VALUES ('8BEE7A04259B44619BE52B40B9C7C666', '49', '2017-08-03 15:15:07', '2017-08-03 15:15:07');
INSERT INTO `tb_goods_element` VALUES ('A4678651AD4D4585BAB78D283C7360EC', '2', '2017-08-03 15:15:07', '2017-08-03 15:15:07');
INSERT INTO `tb_goods_element` VALUES ('A4678651AD4D4585BAB78D283C7360EC', '4', '2017-08-03 15:15:07', '2017-08-03 15:15:07');
INSERT INTO `tb_goods_element` VALUES ('A4678651AD4D4585BAB78D283C7360EC', '6', '2017-08-03 15:15:07', '2017-08-03 15:15:07');
INSERT INTO `tb_goods_element` VALUES ('A4678651AD4D4585BAB78D283C7360EC', '8', '2017-08-03 15:15:07', '2017-08-03 15:15:07');
INSERT INTO `tb_goods_element` VALUES ('A4678651AD4D4585BAB78D283C7360EC', '10', '2017-08-03 15:15:07', '2017-08-03 15:15:07');
INSERT INTO `tb_goods_element` VALUES ('A4678651AD4D4585BAB78D283C7360EC', '12', '2017-08-03 15:15:07', '2017-08-03 15:15:07');
INSERT INTO `tb_goods_element` VALUES ('A4678651AD4D4585BAB78D283C7360EC', '14', '2017-08-03 15:15:07', '2017-08-03 15:15:07');
INSERT INTO `tb_goods_element` VALUES ('A4678651AD4D4585BAB78D283C7360EC', '16', '2017-08-03 15:15:07', '2017-08-03 15:15:07');
INSERT INTO `tb_goods_element` VALUES ('A4678651AD4D4585BAB78D283C7360EC', '18', '2017-08-03 15:15:07', '2017-08-03 15:15:07');
INSERT INTO `tb_goods_element` VALUES ('A4678651AD4D4585BAB78D283C7360EC', '20', '2017-08-03 15:15:07', '2017-08-03 15:15:07');
INSERT INTO `tb_goods_element` VALUES ('A4678651AD4D4585BAB78D283C7360EC', '22', '2017-08-03 15:15:07', '2017-08-03 15:15:07');
INSERT INTO `tb_goods_element` VALUES ('A4678651AD4D4585BAB78D283C7360EC', '24', '2017-08-03 15:15:07', '2017-08-03 15:15:07');
INSERT INTO `tb_goods_element` VALUES ('A4678651AD4D4585BAB78D283C7360EC', '26', '2017-08-03 15:15:07', '2017-08-03 15:15:07');
INSERT INTO `tb_goods_element` VALUES ('A4678651AD4D4585BAB78D283C7360EC', '28', '2017-08-03 15:15:07', '2017-08-03 15:15:07');
INSERT INTO `tb_goods_element` VALUES ('A4678651AD4D4585BAB78D283C7360EC', '30', '2017-08-03 15:15:07', '2017-08-03 15:15:07');
INSERT INTO `tb_goods_element` VALUES ('A4678651AD4D4585BAB78D283C7360EC', '32', '2017-08-03 15:15:07', '2017-08-03 15:15:07');
INSERT INTO `tb_goods_element` VALUES ('A4678651AD4D4585BAB78D283C7360EC', '34', '2017-08-03 15:15:07', '2017-08-03 15:15:07');
INSERT INTO `tb_goods_element` VALUES ('A4678651AD4D4585BAB78D283C7360EC', '36', '2017-08-03 15:15:07', '2017-08-03 15:15:07');
INSERT INTO `tb_goods_element` VALUES ('A4678651AD4D4585BAB78D283C7360EC', '38', '2017-08-03 15:15:07', '2017-08-03 15:15:07');
INSERT INTO `tb_goods_element` VALUES ('A4678651AD4D4585BAB78D283C7360EC', '40', '2017-08-03 15:15:07', '2017-08-03 15:15:07');
INSERT INTO `tb_goods_element` VALUES ('A4678651AD4D4585BAB78D283C7360EC', '42', '2017-08-03 15:15:07', '2017-08-03 15:15:07');
INSERT INTO `tb_goods_element` VALUES ('A4678651AD4D4585BAB78D283C7360EC', '44', '2017-08-03 15:15:07', '2017-08-03 15:15:07');
INSERT INTO `tb_goods_element` VALUES ('A4678651AD4D4585BAB78D283C7360EC', '46', '2017-08-03 15:15:07', '2017-08-03 15:15:07');
INSERT INTO `tb_goods_element` VALUES ('A4678651AD4D4585BAB78D283C7360EC', '48', '2017-08-03 15:15:07', '2017-08-03 15:15:07');
INSERT INTO `tb_goods_element` VALUES ('FC1AC51C37E94FBBAFF5354F6AFCE5B3', '1', '2017-08-03 15:15:07', '2017-08-03 15:15:07');
INSERT INTO `tb_goods_element` VALUES ('FC1AC51C37E94FBBAFF5354F6AFCE5B3', '3', '2017-08-03 15:15:07', '2017-08-03 15:15:07');
INSERT INTO `tb_goods_element` VALUES ('FC1AC51C37E94FBBAFF5354F6AFCE5B3', '5', '2017-08-03 15:15:07', '2017-08-03 15:15:07');
INSERT INTO `tb_goods_element` VALUES ('FC1AC51C37E94FBBAFF5354F6AFCE5B3', '7', '2017-08-03 15:15:07', '2017-08-03 15:15:07');
INSERT INTO `tb_goods_element` VALUES ('FC1AC51C37E94FBBAFF5354F6AFCE5B3', '9', '2017-08-03 15:15:07', '2017-08-03 15:15:07');
INSERT INTO `tb_goods_element` VALUES ('FC1AC51C37E94FBBAFF5354F6AFCE5B3', '10', '2017-08-03 15:15:07', '2017-08-03 15:15:07');
INSERT INTO `tb_goods_element` VALUES ('FC1AC51C37E94FBBAFF5354F6AFCE5B3', '12', '2017-08-03 15:15:07', '2017-08-03 15:15:07');
INSERT INTO `tb_goods_element` VALUES ('FC1AC51C37E94FBBAFF5354F6AFCE5B3', '14', '2017-08-03 15:15:07', '2017-08-03 15:15:07');
INSERT INTO `tb_goods_element` VALUES ('FC1AC51C37E94FBBAFF5354F6AFCE5B3', '16', '2017-08-03 15:15:07', '2017-08-03 15:15:07');
INSERT INTO `tb_goods_element` VALUES ('FC1AC51C37E94FBBAFF5354F6AFCE5B3', '18', '2017-08-03 15:15:07', '2017-08-03 15:15:07');
INSERT INTO `tb_goods_element` VALUES ('FC1AC51C37E94FBBAFF5354F6AFCE5B3', '21', '2017-08-03 15:15:07', '2017-08-03 15:15:07');
INSERT INTO `tb_goods_element` VALUES ('FC1AC51C37E94FBBAFF5354F6AFCE5B3', '23', '2017-08-03 15:15:07', '2017-08-03 15:15:07');
INSERT INTO `tb_goods_element` VALUES ('FC1AC51C37E94FBBAFF5354F6AFCE5B3', '25', '2017-08-03 15:15:07', '2017-08-03 15:15:07');
INSERT INTO `tb_goods_element` VALUES ('FC1AC51C37E94FBBAFF5354F6AFCE5B3', '27', '2017-08-03 15:15:07', '2017-08-03 15:15:07');
INSERT INTO `tb_goods_element` VALUES ('FC1AC51C37E94FBBAFF5354F6AFCE5B3', '29', '2017-08-03 15:15:07', '2017-08-03 15:15:07');
INSERT INTO `tb_goods_element` VALUES ('FC1AC51C37E94FBBAFF5354F6AFCE5B3', '30', '2017-08-03 15:15:07', '2017-08-03 15:15:07');
INSERT INTO `tb_goods_element` VALUES ('FC1AC51C37E94FBBAFF5354F6AFCE5B3', '32', '2017-08-03 15:15:07', '2017-08-03 15:15:07');
INSERT INTO `tb_goods_element` VALUES ('FC1AC51C37E94FBBAFF5354F6AFCE5B3', '34', '2017-08-03 15:15:07', '2017-08-03 15:15:07');
INSERT INTO `tb_goods_element` VALUES ('FC1AC51C37E94FBBAFF5354F6AFCE5B3', '36', '2017-08-03 15:15:07', '2017-08-03 15:15:07');
INSERT INTO `tb_goods_element` VALUES ('FC1AC51C37E94FBBAFF5354F6AFCE5B3', '38', '2017-08-03 15:15:07', '2017-08-03 15:15:07');
INSERT INTO `tb_goods_element` VALUES ('FC1AC51C37E94FBBAFF5354F6AFCE5B3', '41', '2017-08-03 15:15:07', '2017-08-03 15:15:07');
INSERT INTO `tb_goods_element` VALUES ('FC1AC51C37E94FBBAFF5354F6AFCE5B3', '43', '2017-08-03 15:15:07', '2017-08-03 15:15:07');
INSERT INTO `tb_goods_element` VALUES ('FC1AC51C37E94FBBAFF5354F6AFCE5B3', '45', '2017-08-03 15:15:07', '2017-08-03 15:15:07');
INSERT INTO `tb_goods_element` VALUES ('FC1AC51C37E94FBBAFF5354F6AFCE5B3', '47', '2017-08-03 15:15:07', '2017-08-03 15:15:07');
INSERT INTO `tb_goods_element` VALUES ('FC1AC51C37E94FBBAFF5354F6AFCE5B3', '49', '2017-08-03 15:15:07', '2017-08-03 15:15:07');
INSERT INTO `tb_goods_element` VALUES ('4A06B704B80343D3A8570FE423880386', '2', '2017-08-03 15:15:07', '2017-08-03 15:15:07');
INSERT INTO `tb_goods_element` VALUES ('4A06B704B80343D3A8570FE423880386', '4', '2017-08-03 15:15:07', '2017-08-03 15:15:07');
INSERT INTO `tb_goods_element` VALUES ('4A06B704B80343D3A8570FE423880386', '6', '2017-08-03 15:15:07', '2017-08-03 15:15:07');
INSERT INTO `tb_goods_element` VALUES ('4A06B704B80343D3A8570FE423880386', '8', '2017-08-03 15:15:07', '2017-08-03 15:15:07');
INSERT INTO `tb_goods_element` VALUES ('4A06B704B80343D3A8570FE423880386', '10', '2017-08-03 15:15:07', '2017-08-03 15:15:07');
INSERT INTO `tb_goods_element` VALUES ('4A06B704B80343D3A8570FE423880386', '11', '2017-08-03 15:15:07', '2017-08-03 15:15:07');
INSERT INTO `tb_goods_element` VALUES ('4A06B704B80343D3A8570FE423880386', '13', '2017-08-03 15:15:07', '2017-08-03 15:15:07');
INSERT INTO `tb_goods_element` VALUES ('4A06B704B80343D3A8570FE423880386', '15', '2017-08-03 15:15:07', '2017-08-03 15:15:07');
INSERT INTO `tb_goods_element` VALUES ('4A06B704B80343D3A8570FE423880386', '17', '2017-08-03 15:15:07', '2017-08-03 15:15:07');
INSERT INTO `tb_goods_element` VALUES ('4A06B704B80343D3A8570FE423880386', '19', '2017-08-03 15:15:07', '2017-08-03 15:15:07');
INSERT INTO `tb_goods_element` VALUES ('4A06B704B80343D3A8570FE423880386', '20', '2017-08-03 15:15:07', '2017-08-03 15:15:07');
INSERT INTO `tb_goods_element` VALUES ('4A06B704B80343D3A8570FE423880386', '22', '2017-08-03 15:15:07', '2017-08-03 15:15:07');
INSERT INTO `tb_goods_element` VALUES ('4A06B704B80343D3A8570FE423880386', '24', '2017-08-03 15:15:07', '2017-08-03 15:15:07');
INSERT INTO `tb_goods_element` VALUES ('4A06B704B80343D3A8570FE423880386', '26', '2017-08-03 15:15:07', '2017-08-03 15:15:07');
INSERT INTO `tb_goods_element` VALUES ('4A06B704B80343D3A8570FE423880386', '28', '2017-08-03 15:15:07', '2017-08-03 15:15:07');
INSERT INTO `tb_goods_element` VALUES ('4A06B704B80343D3A8570FE423880386', '31', '2017-08-03 15:15:07', '2017-08-03 15:15:07');
INSERT INTO `tb_goods_element` VALUES ('4A06B704B80343D3A8570FE423880386', '33', '2017-08-03 15:15:07', '2017-08-03 15:15:07');
INSERT INTO `tb_goods_element` VALUES ('4A06B704B80343D3A8570FE423880386', '35', '2017-08-03 15:15:07', '2017-08-03 15:15:07');
INSERT INTO `tb_goods_element` VALUES ('4A06B704B80343D3A8570FE423880386', '37', '2017-08-03 15:15:07', '2017-08-03 15:15:07');
INSERT INTO `tb_goods_element` VALUES ('4A06B704B80343D3A8570FE423880386', '39', '2017-08-03 15:15:07', '2017-08-03 15:15:07');
INSERT INTO `tb_goods_element` VALUES ('4A06B704B80343D3A8570FE423880386', '40', '2017-08-03 15:15:07', '2017-08-03 15:15:07');
INSERT INTO `tb_goods_element` VALUES ('4A06B704B80343D3A8570FE423880386', '42', '2017-08-03 15:15:07', '2017-08-03 15:15:07');
INSERT INTO `tb_goods_element` VALUES ('4A06B704B80343D3A8570FE423880386', '44', '2017-08-03 15:15:07', '2017-08-03 15:15:07');
INSERT INTO `tb_goods_element` VALUES ('4A06B704B80343D3A8570FE423880386', '46', '2017-08-03 15:15:07', '2017-08-03 15:15:07');
INSERT INTO `tb_goods_element` VALUES ('4A06B704B80343D3A8570FE423880386', '48', '2017-08-03 15:15:07', '2017-08-03 15:15:07');
INSERT INTO `tb_goods_element` VALUES ('AF93A50CAD9B4150B41775D0395E979A', '1', '2017-08-03 15:15:07', '2017-08-03 15:15:07');
INSERT INTO `tb_goods_element` VALUES ('AF93A50CAD9B4150B41775D0395E979A', '3', '2017-08-03 15:15:07', '2017-08-03 15:15:07');
INSERT INTO `tb_goods_element` VALUES ('AF93A50CAD9B4150B41775D0395E979A', '5', '2017-08-03 15:15:07', '2017-08-03 15:15:07');
INSERT INTO `tb_goods_element` VALUES ('AF93A50CAD9B4150B41775D0395E979A', '7', '2017-08-03 15:15:07', '2017-08-03 15:15:07');
INSERT INTO `tb_goods_element` VALUES ('AF93A50CAD9B4150B41775D0395E979A', '13', '2017-08-03 15:15:07', '2017-08-03 15:15:07');
INSERT INTO `tb_goods_element` VALUES ('AF93A50CAD9B4150B41775D0395E979A', '15', '2017-08-03 15:15:07', '2017-08-03 15:15:07');
INSERT INTO `tb_goods_element` VALUES ('AF93A50CAD9B4150B41775D0395E979A', '17', '2017-08-03 15:15:07', '2017-08-03 15:15:07');
INSERT INTO `tb_goods_element` VALUES ('AF93A50CAD9B4150B41775D0395E979A', '19', '2017-08-03 15:15:07', '2017-08-03 15:15:07');
INSERT INTO `tb_goods_element` VALUES ('AF93A50CAD9B4150B41775D0395E979A', '25', '2017-08-03 15:15:07', '2017-08-03 15:15:07');
INSERT INTO `tb_goods_element` VALUES ('AF93A50CAD9B4150B41775D0395E979A', '27', '2017-08-03 15:15:07', '2017-08-03 15:15:07');
INSERT INTO `tb_goods_element` VALUES ('AF93A50CAD9B4150B41775D0395E979A', '29', '2017-08-03 15:15:07', '2017-08-03 15:15:07');
INSERT INTO `tb_goods_element` VALUES ('AF93A50CAD9B4150B41775D0395E979A', '31', '2017-08-03 15:15:07', '2017-08-03 15:15:07');
INSERT INTO `tb_goods_element` VALUES ('AF93A50CAD9B4150B41775D0395E979A', '37', '2017-08-03 15:15:07', '2017-08-03 15:15:07');
INSERT INTO `tb_goods_element` VALUES ('AF93A50CAD9B4150B41775D0395E979A', '39', '2017-08-03 15:15:07', '2017-08-03 15:15:07');
INSERT INTO `tb_goods_element` VALUES ('AF93A50CAD9B4150B41775D0395E979A', '41', '2017-08-03 15:15:07', '2017-08-03 15:15:07');
INSERT INTO `tb_goods_element` VALUES ('AF93A50CAD9B4150B41775D0395E979A', '43', '2017-08-03 15:15:07', '2017-08-03 15:15:07');
INSERT INTO `tb_goods_element` VALUES ('AF93A50CAD9B4150B41775D0395E979A', '49', '2017-08-03 15:15:07', '2017-08-03 15:15:07');

-- ----------------------------
-- Table structure for tb_persion
-- ----------------------------
DROP TABLE IF EXISTS `tb_persion`;
CREATE TABLE `tb_persion` (
  `persion_id` varchar(32) COLLATE utf8_unicode_ci NOT NULL COMMENT '下家标识',
  `persion_name` varchar(16) COLLATE utf8_unicode_ci NOT NULL COMMENT '下家名称',
  `persion_key` varchar(16) COLLATE utf8_unicode_ci NOT NULL COMMENT '快捷代号',
  `ratio_bonus` int(2) DEFAULT '0' COMMENT '特号倍率',
  `ratio_rate` int(2) DEFAULT '0' COMMENT '普通返利百分比',
  `percent_rate` int(9) DEFAULT NULL COMMENT '百分比计算返利百分比',
  `note` varchar(64) COLLATE utf8_unicode_ci DEFAULT NULL COMMENT '备注',
  `gmt_created` datetime DEFAULT CURRENT_TIMESTAMP COMMENT '新增时间',
  `gmt_modify` datetime DEFAULT CURRENT_TIMESTAMP COMMENT '修订时间',
  PRIMARY KEY (`persion_id`)
) ENGINE=InnoDB DEFAULT CHARSET=utf8 COLLATE=utf8_unicode_ci;

-- ----------------------------
-- Records of tb_persion
-- ----------------------------
INSERT INTO `tb_persion` VALUES ('000715D8AC164909AE518D2E046C3152', '1133', '1133', '410', '13', '2', null, '2017-08-04 16:33:38', '2017-08-04 16:33:38');
INSERT INTO `tb_persion` VALUES ('15C54E8504094FDE87009979B1225E0B', '王五', '1100', '41', '13', '2', '', '2017-08-04 15:46:24', '2017-08-04 15:46:24');
INSERT INTO `tb_persion` VALUES ('2E54CC83456F4BAF9AC89480E691C13F', '1199', '1199', '410', '13', '2', null, '2017-08-03 15:34:53', '2017-08-03 15:34:53');
INSERT INTO `tb_persion` VALUES ('5F8E59D9DD264D718ACD4C7990CF8373', '1122', '1122', '410', '13', '2', null, '2017-08-04 16:33:22', '2017-08-04 16:33:22');
INSERT INTO `tb_persion` VALUES ('703E467BFA1B494FB7064F17464CEDAB', '15726', '15726', '410', '13', '2', null, '2017-09-01 06:21:46', '2017-09-01 06:21:46');
INSERT INTO `tb_persion` VALUES ('749CA2DB7E324447B78A335B79D7D439', '15721', '15721', '410', '10', '2', '', '2017-09-01 06:47:18', '2017-09-01 06:47:18');
INSERT INTO `tb_persion` VALUES ('E2F1B6A9B89D48EFA83F1EDDDBF93693', '李四', '1188', '410', '13', '2', '', '2017-08-03 15:15:29', '2017-08-03 15:15:29');
INSERT INTO `tb_persion` VALUES ('EDF09727F9044448B71A74270CBA3CDB', '1120', '1120', '410', '13', '2', null, '2017-08-04 15:46:35', '2017-08-04 15:46:35');
INSERT INTO `tb_persion` VALUES ('EFFF20D8DF7B44DFA87BA2FD99CDE3B0', '1121', '1121', '410', '13', '2', null, '2017-08-04 16:33:00', '2017-08-04 16:33:00');

-- ----------------------------
-- Table structure for tb_persion_detail
-- ----------------------------
DROP TABLE IF EXISTS `tb_persion_detail`;
CREATE TABLE `tb_persion_detail` (
  `sp_id` varchar(32) COLLATE utf8_unicode_ci NOT NULL COMMENT '标识',
  `stage_id` varchar(32) COLLATE utf8_unicode_ci NOT NULL COMMENT '期别标识',
  `persion_id` varchar(32) COLLATE utf8_unicode_ci NOT NULL COMMENT '下家标识',
  `total_money` bigint(20) NOT NULL DEFAULT '0' COMMENT '总金额',
  `bonus_money` bigint(20) NOT NULL DEFAULT '0' COMMENT '奖金金额',
  `back_money` bigint(20) NOT NULL DEFAULT '0' COMMENT '返点金额',
  `balance` bigint(20) DEFAULT NULL COMMENT '本期结算',
  `gmt_created` datetime DEFAULT CURRENT_TIMESTAMP COMMENT '创建时间',
  `gmt_modify` datetime DEFAULT CURRENT_TIMESTAMP COMMENT '修订时间'
) ENGINE=InnoDB DEFAULT CHARSET=utf8 COLLATE=utf8_unicode_ci;

-- ----------------------------
-- Records of tb_persion_detail
-- ----------------------------
INSERT INTO `tb_persion_detail` VALUES ('B0C2404AE1D64821932E07A2520FDC48', 'EE90C6109C4E45AB963D8045E7DEB9F1', 'E2F1B6A9B89D48EFA83F1EDDDBF93693', '20000', '36000', '400', '-16400', '2017-09-01 07:34:17', '2017-09-01 07:53:43');

-- ----------------------------
-- Table structure for tb_stage
-- ----------------------------
DROP TABLE IF EXISTS `tb_stage`;
CREATE TABLE `tb_stage` (
  `stage_id` varchar(32) COLLATE utf8_unicode_ci NOT NULL COMMENT '期别标识',
  `stage_name` varchar(8) COLLATE utf8_unicode_ci NOT NULL COMMENT '期别名称yyyyMMdd',
  `element` int(2) DEFAULT NULL COMMENT '特号',
  `status` int(2) DEFAULT '0' COMMENT '状态0正常1锁定',
  `stage_risk` bigint(20) DEFAULT '0' COMMENT '风险金',
  `stage_bill` bigint(20) DEFAULT '0' COMMENT '总量',
  `stage_back` bigint(20) DEFAULT '0' COMMENT '返利',
  `stage_gift` bigint(20) DEFAULT '0' COMMENT '结算赢亏',
  `up_rate` int(2) DEFAULT '0' COMMENT '上报返利百分比',
  `up_bill` bigint(20) DEFAULT '0' COMMENT '上报总额',
  `up_back` bigint(20) DEFAULT '0' COMMENT '上报返利',
  `up_gift` bigint(20) DEFAULT '0' COMMENT '上报特号结算',
  `balance` bigint(20) DEFAULT NULL COMMENT '本期结余',
  `gmt_created` datetime DEFAULT CURRENT_TIMESTAMP COMMENT '新增时间',
  `gmt_modify` datetime DEFAULT CURRENT_TIMESTAMP COMMENT '修订时间',
  PRIMARY KEY (`stage_id`)
) ENGINE=InnoDB DEFAULT CHARSET=utf8 COLLATE=utf8_unicode_ci COMMENT='期别';

-- ----------------------------
-- Records of tb_stage
-- ----------------------------
INSERT INTO `tb_stage` VALUES ('EE90C6109C4E45AB963D8045E7DEB9F1', '20170901', '5', '0', '10000', '20000', '400', '36000', '0', '4900', '637', '0', '-20663', '2017-09-01 07:34:01', '2017-09-01 07:53:43');

-- ----------------------------
-- Table structure for tb_stage_detail
-- ----------------------------
DROP TABLE IF EXISTS `tb_stage_detail`;
CREATE TABLE `tb_stage_detail` (
  `bill_id` varchar(32) COLLATE utf8_unicode_ci NOT NULL COMMENT '标识',
  `stage_id` varchar(32) COLLATE utf8_unicode_ci NOT NULL COMMENT '期号标识',
  `element` int(11) NOT NULL COMMENT '码号',
  `upbill` bigint(20) NOT NULL DEFAULT '0' COMMENT '上报金额',
  `gmt_created` datetime DEFAULT CURRENT_TIMESTAMP COMMENT '创建时间',
  `gmt_modify` datetime DEFAULT CURRENT_TIMESTAMP COMMENT '修订时间',
  PRIMARY KEY (`bill_id`)
) ENGINE=InnoDB DEFAULT CHARSET=utf8 COLLATE=utf8_unicode_ci;

-- ----------------------------
-- Records of tb_stage_detail
-- ----------------------------
INSERT INTO `tb_stage_detail` VALUES ('0170E86FCA63414AA87016D4DF2823DA', 'EE90C6109C4E45AB963D8045E7DEB9F1', '46', '0', '2017-09-01 07:34:01', '2017-09-01 07:34:01');
INSERT INTO `tb_stage_detail` VALUES ('056555B5E4CD4C9B99A7C0970B458142', 'EE90C6109C4E45AB963D8045E7DEB9F1', '27', '196', '2017-09-01 07:34:01', '2017-09-01 07:34:01');
INSERT INTO `tb_stage_detail` VALUES ('0B63F9FCBCFC477882DEA5A94C56E9F8', 'EE90C6109C4E45AB963D8045E7DEB9F1', '29', '196', '2017-09-01 07:34:01', '2017-09-01 07:34:01');
INSERT INTO `tb_stage_detail` VALUES ('0F4420FE82B343F89125B7688D8FF435', 'EE90C6109C4E45AB963D8045E7DEB9F1', '36', '0', '2017-09-01 07:34:01', '2017-09-01 07:34:01');
INSERT INTO `tb_stage_detail` VALUES ('12AA4A6AC95648DFB99D89509837AE4B', 'EE90C6109C4E45AB963D8045E7DEB9F1', '34', '0', '2017-09-01 07:34:01', '2017-09-01 07:34:01');
INSERT INTO `tb_stage_detail` VALUES ('15A9FE2D28E44038A888619684BB1DCA', 'EE90C6109C4E45AB963D8045E7DEB9F1', '16', '0', '2017-09-01 07:34:01', '2017-09-01 07:34:01');
INSERT INTO `tb_stage_detail` VALUES ('16A370BB19074E25A9C4D6BEAC87A319', 'EE90C6109C4E45AB963D8045E7DEB9F1', '17', '196', '2017-09-01 07:34:01', '2017-09-01 07:34:01');
INSERT INTO `tb_stage_detail` VALUES ('1A8D258291874FF1A23A2103781A7A74', 'EE90C6109C4E45AB963D8045E7DEB9F1', '8', '0', '2017-09-01 07:34:01', '2017-09-01 07:34:01');
INSERT INTO `tb_stage_detail` VALUES ('1B2F3FD080F34317AFC0C56936786A97', 'EE90C6109C4E45AB963D8045E7DEB9F1', '40', '0', '2017-09-01 07:34:01', '2017-09-01 07:34:01');
INSERT INTO `tb_stage_detail` VALUES ('1EE23EA395DB45CDAE7F562020435B23', 'EE90C6109C4E45AB963D8045E7DEB9F1', '35', '196', '2017-09-01 07:34:01', '2017-09-01 07:34:01');
INSERT INTO `tb_stage_detail` VALUES ('1F746ED84CC547978060483679E0A337', 'EE90C6109C4E45AB963D8045E7DEB9F1', '49', '196', '2017-09-01 07:34:01', '2017-09-01 07:34:01');
INSERT INTO `tb_stage_detail` VALUES ('245169DE53094486961214BF283C5B73', 'EE90C6109C4E45AB963D8045E7DEB9F1', '47', '196', '2017-09-01 07:34:01', '2017-09-01 07:34:01');
INSERT INTO `tb_stage_detail` VALUES ('25B3F17667BF419D9722D857CAADBCAB', 'EE90C6109C4E45AB963D8045E7DEB9F1', '5', '196', '2017-09-01 07:34:01', '2017-09-01 07:34:01');
INSERT INTO `tb_stage_detail` VALUES ('32E8917F41234721899CFEA143528BE0', 'EE90C6109C4E45AB963D8045E7DEB9F1', '31', '196', '2017-09-01 07:34:01', '2017-09-01 07:34:01');
INSERT INTO `tb_stage_detail` VALUES ('33214B6D9FC348F982615B6C049283FE', 'EE90C6109C4E45AB963D8045E7DEB9F1', '19', '196', '2017-09-01 07:34:01', '2017-09-01 07:34:01');
INSERT INTO `tb_stage_detail` VALUES ('3F90305980E346D6B8E87FEF6B88F073', 'EE90C6109C4E45AB963D8045E7DEB9F1', '1', '196', '2017-09-01 07:34:01', '2017-09-01 07:34:01');
INSERT INTO `tb_stage_detail` VALUES ('416CDDAB5A914558B7D61CB289B5AA80', 'EE90C6109C4E45AB963D8045E7DEB9F1', '33', '196', '2017-09-01 07:34:01', '2017-09-01 07:34:01');
INSERT INTO `tb_stage_detail` VALUES ('4CFCCA0B322A4279869939C6F8B4D9E3', 'EE90C6109C4E45AB963D8045E7DEB9F1', '14', '0', '2017-09-01 07:34:01', '2017-09-01 07:34:01');
INSERT INTO `tb_stage_detail` VALUES ('5444117899BE427CAC5D1ED55B4D444A', 'EE90C6109C4E45AB963D8045E7DEB9F1', '2', '0', '2017-09-01 07:34:01', '2017-09-01 07:34:01');
INSERT INTO `tb_stage_detail` VALUES ('54AE9E73499F40B480466D8E4A7A9DAB', 'EE90C6109C4E45AB963D8045E7DEB9F1', '38', '0', '2017-09-01 07:34:01', '2017-09-01 07:34:01');
INSERT INTO `tb_stage_detail` VALUES ('5F9BECCEAC3446689C73780B44A8F498', 'EE90C6109C4E45AB963D8045E7DEB9F1', '24', '0', '2017-09-01 07:34:01', '2017-09-01 07:34:01');
INSERT INTO `tb_stage_detail` VALUES ('62447F52F81B456BA24E40EF631CBDF2', 'EE90C6109C4E45AB963D8045E7DEB9F1', '41', '196', '2017-09-01 07:34:01', '2017-09-01 07:34:01');
INSERT INTO `tb_stage_detail` VALUES ('6439D80ECAB14C41889E67C767B5CFB8', 'EE90C6109C4E45AB963D8045E7DEB9F1', '45', '196', '2017-09-01 07:34:01', '2017-09-01 07:34:01');
INSERT INTO `tb_stage_detail` VALUES ('68AD13E4AE7A4371B7F2508EE9DAD318', 'EE90C6109C4E45AB963D8045E7DEB9F1', '3', '196', '2017-09-01 07:34:01', '2017-09-01 07:34:01');
INSERT INTO `tb_stage_detail` VALUES ('6F9454C1FA1343B99D98362E0BCF9B3C', 'EE90C6109C4E45AB963D8045E7DEB9F1', '18', '0', '2017-09-01 07:34:01', '2017-09-01 07:34:01');
INSERT INTO `tb_stage_detail` VALUES ('70E1F1E3E645490C81989D263A93847A', 'EE90C6109C4E45AB963D8045E7DEB9F1', '13', '196', '2017-09-01 07:34:01', '2017-09-01 07:34:01');
INSERT INTO `tb_stage_detail` VALUES ('761A723A7FCB490B98BDD7F07947FC15', 'EE90C6109C4E45AB963D8045E7DEB9F1', '28', '0', '2017-09-01 07:34:01', '2017-09-01 07:34:01');
INSERT INTO `tb_stage_detail` VALUES ('7B35B489D48446B0A13548C1A77313F4', 'EE90C6109C4E45AB963D8045E7DEB9F1', '43', '196', '2017-09-01 07:34:01', '2017-09-01 07:34:01');
INSERT INTO `tb_stage_detail` VALUES ('7BDEFD5F92E34731A565914485DDE829', 'EE90C6109C4E45AB963D8045E7DEB9F1', '12', '0', '2017-09-01 07:34:01', '2017-09-01 07:34:01');
INSERT INTO `tb_stage_detail` VALUES ('7C999DD3A9DF425AAF8E27EF87FA52EB', 'EE90C6109C4E45AB963D8045E7DEB9F1', '30', '0', '2017-09-01 07:34:01', '2017-09-01 07:34:01');
INSERT INTO `tb_stage_detail` VALUES ('89402A4AF5C442E096AB0353248E976A', 'EE90C6109C4E45AB963D8045E7DEB9F1', '48', '0', '2017-09-01 07:34:01', '2017-09-01 07:34:01');
INSERT INTO `tb_stage_detail` VALUES ('8DDDF74503EB4C21A8D1B47099C3C8A2', 'EE90C6109C4E45AB963D8045E7DEB9F1', '37', '196', '2017-09-01 07:34:01', '2017-09-01 07:34:01');
INSERT INTO `tb_stage_detail` VALUES ('8FB904ED65044716B96F0014EF35F9EC', 'EE90C6109C4E45AB963D8045E7DEB9F1', '23', '196', '2017-09-01 07:34:01', '2017-09-01 07:34:01');
INSERT INTO `tb_stage_detail` VALUES ('90146D62071741CAA199919633B21A2A', 'EE90C6109C4E45AB963D8045E7DEB9F1', '6', '0', '2017-09-01 07:34:01', '2017-09-01 07:34:01');
INSERT INTO `tb_stage_detail` VALUES ('93A9A4BD7F6C47848B3AF4D342FE7EDC', 'EE90C6109C4E45AB963D8045E7DEB9F1', '9', '196', '2017-09-01 07:34:01', '2017-09-01 07:34:01');
INSERT INTO `tb_stage_detail` VALUES ('96B6C07CB22F49EBA14F49BE04236E4A', 'EE90C6109C4E45AB963D8045E7DEB9F1', '26', '0', '2017-09-01 07:34:01', '2017-09-01 07:34:01');
INSERT INTO `tb_stage_detail` VALUES ('9D039294C0AE449B86E2A5E0661264EB', 'EE90C6109C4E45AB963D8045E7DEB9F1', '22', '0', '2017-09-01 07:34:01', '2017-09-01 07:34:01');
INSERT INTO `tb_stage_detail` VALUES ('A1FD6818BAA244F1ADA5A798E96165EC', 'EE90C6109C4E45AB963D8045E7DEB9F1', '39', '196', '2017-09-01 07:34:01', '2017-09-01 07:34:01');
INSERT INTO `tb_stage_detail` VALUES ('A35BEB23A8FF4233B1572FF855FAF82E', 'EE90C6109C4E45AB963D8045E7DEB9F1', '21', '196', '2017-09-01 07:34:01', '2017-09-01 07:34:01');
INSERT INTO `tb_stage_detail` VALUES ('A5A84D5125ED4F6F9EC4E7DEFEF139A5', 'EE90C6109C4E45AB963D8045E7DEB9F1', '10', '0', '2017-09-01 07:34:01', '2017-09-01 07:34:01');
INSERT INTO `tb_stage_detail` VALUES ('A7B0AC64874B4EE1AA9333CAEC47C9A8', 'EE90C6109C4E45AB963D8045E7DEB9F1', '42', '0', '2017-09-01 07:34:01', '2017-09-01 07:34:01');
INSERT INTO `tb_stage_detail` VALUES ('B7410A5E37C047BDB228A10683D9EFCC', 'EE90C6109C4E45AB963D8045E7DEB9F1', '11', '196', '2017-09-01 07:34:01', '2017-09-01 07:34:01');
INSERT INTO `tb_stage_detail` VALUES ('CA7616A242924A178A234E04A571953E', 'EE90C6109C4E45AB963D8045E7DEB9F1', '4', '0', '2017-09-01 07:34:01', '2017-09-01 07:34:01');
INSERT INTO `tb_stage_detail` VALUES ('D9F63FFEAA4D47148D090BA804413B1B', 'EE90C6109C4E45AB963D8045E7DEB9F1', '44', '0', '2017-09-01 07:34:01', '2017-09-01 07:34:01');
INSERT INTO `tb_stage_detail` VALUES ('E8AA9002657B44E8B4E5D0AD85FD20AA', 'EE90C6109C4E45AB963D8045E7DEB9F1', '7', '196', '2017-09-01 07:34:01', '2017-09-01 07:34:01');
INSERT INTO `tb_stage_detail` VALUES ('ED4FD28B745546E3874008FB1DDAD2DF', 'EE90C6109C4E45AB963D8045E7DEB9F1', '25', '196', '2017-09-01 07:34:01', '2017-09-01 07:34:01');
INSERT INTO `tb_stage_detail` VALUES ('F0740FA0B8624AA39D321AE5E45114D5', 'EE90C6109C4E45AB963D8045E7DEB9F1', '32', '0', '2017-09-01 07:34:01', '2017-09-01 07:34:01');
INSERT INTO `tb_stage_detail` VALUES ('F5BC0B6832A34CA599CFCA1A49566E1B', 'EE90C6109C4E45AB963D8045E7DEB9F1', '20', '0', '2017-09-01 07:34:01', '2017-09-01 07:34:01');
INSERT INTO `tb_stage_detail` VALUES ('F96FCDEF73604944A0DDCB49030F2677', 'EE90C6109C4E45AB963D8045E7DEB9F1', '15', '196', '2017-09-01 07:34:01', '2017-09-01 07:34:01');

-- ----------------------------
-- Table structure for tb_trade
-- ----------------------------
DROP TABLE IF EXISTS `tb_trade`;
CREATE TABLE `tb_trade` (
  `trade_id` varchar(32) COLLATE utf8_unicode_ci NOT NULL COMMENT '流水标识',
  `trade_code` varchar(32) COLLATE utf8_unicode_ci NOT NULL COMMENT '快捷输入',
  `stage_id` varchar(32) COLLATE utf8_unicode_ci NOT NULL COMMENT '期别标识',
  `persion_id` varchar(32) COLLATE utf8_unicode_ci NOT NULL COMMENT '下家标识',
  `status` int(1) NOT NULL DEFAULT '0' COMMENT '状态0正常',
  `goods_id` varchar(32) COLLATE utf8_unicode_ci NOT NULL COMMENT '货号',
  `sfee` bigint(20) DEFAULT '0' COMMENT '单号金额',
  `fee` bigint(20) NOT NULL DEFAULT '0' COMMENT '费用总计',
  `back` bigint(20) NOT NULL DEFAULT '0' COMMENT '返利金额',
  `bonus` bigint(20) DEFAULT '0' COMMENT '奖金',
  `gmt_created` datetime DEFAULT CURRENT_TIMESTAMP COMMENT '新增时间',
  `gmt_modify` datetime DEFAULT CURRENT_TIMESTAMP COMMENT '修订时间',
  PRIMARY KEY (`trade_id`)
) ENGINE=InnoDB DEFAULT CHARSET=utf8 COLLATE=utf8_unicode_ci;

-- ----------------------------
-- Records of tb_trade
-- ----------------------------
INSERT INTO `tb_trade` VALUES ('3A320D21506B4754B6E9EC68F6E20A92', '74+20000', 'EE90C6109C4E45AB963D8045E7DEB9F1', 'E2F1B6A9B89D48EFA83F1EDDDBF93693', '0', '8BEE7A04259B44619BE52B40B9C7C666', '20000', '20000', '400', '36000', '2017-09-01 07:34:17', '2017-09-01 07:34:17');

-- ----------------------------
-- Table structure for tb_trade_detail
-- ----------------------------
DROP TABLE IF EXISTS `tb_trade_detail`;
CREATE TABLE `tb_trade_detail` (
  `detail_id` varchar(32) COLLATE utf8_unicode_ci NOT NULL COMMENT '交易详情标识',
  `trade_id` varchar(32) COLLATE utf8_unicode_ci NOT NULL COMMENT '交易流水',
  `stage_id` varchar(32) COLLATE utf8_unicode_ci NOT NULL COMMENT '期别标识',
  `persion_id` varchar(32) COLLATE utf8_unicode_ci NOT NULL COMMENT '下家标识',
  `element` int(2) NOT NULL COMMENT '元素',
  `efee` bigint(20) NOT NULL DEFAULT '0' COMMENT '金额',
  `gmt_created` datetime NOT NULL DEFAULT CURRENT_TIMESTAMP COMMENT '新增时间',
  `gmt_modify` datetime NOT NULL DEFAULT CURRENT_TIMESTAMP COMMENT '修订时间',
  PRIMARY KEY (`detail_id`)
) ENGINE=InnoDB DEFAULT CHARSET=utf8 COLLATE=utf8_unicode_ci;

-- ----------------------------
-- Records of tb_trade_detail
-- ----------------------------
INSERT INTO `tb_trade_detail` VALUES ('013E7BEA6463456D9834F893BEF2473D', '3A320D21506B4754B6E9EC68F6E20A92', 'EE90C6109C4E45AB963D8045E7DEB9F1', 'E2F1B6A9B89D48EFA83F1EDDDBF93693', '15', '800', '2017-09-01 07:34:17', '2017-09-01 07:34:17');
INSERT INTO `tb_trade_detail` VALUES ('0492B76E021740D685071C72AB314079', '3A320D21506B4754B6E9EC68F6E20A92', 'EE90C6109C4E45AB963D8045E7DEB9F1', 'E2F1B6A9B89D48EFA83F1EDDDBF93693', '29', '800', '2017-09-01 07:34:17', '2017-09-01 07:34:17');
INSERT INTO `tb_trade_detail` VALUES ('08DACC53240841628217683DFCFD4059', '3A320D21506B4754B6E9EC68F6E20A92', 'EE90C6109C4E45AB963D8045E7DEB9F1', 'E2F1B6A9B89D48EFA83F1EDDDBF93693', '9', '800', '2017-09-01 07:34:17', '2017-09-01 07:34:17');
INSERT INTO `tb_trade_detail` VALUES ('0DFBD6B923C2424F9B8654DCF1E0116D', '3A320D21506B4754B6E9EC68F6E20A92', 'EE90C6109C4E45AB963D8045E7DEB9F1', 'E2F1B6A9B89D48EFA83F1EDDDBF93693', '5', '800', '2017-09-01 07:34:17', '2017-09-01 07:34:17');
INSERT INTO `tb_trade_detail` VALUES ('150C381CFD7F4C6EBE29C4924186BE4E', '3A320D21506B4754B6E9EC68F6E20A92', 'EE90C6109C4E45AB963D8045E7DEB9F1', 'E2F1B6A9B89D48EFA83F1EDDDBF93693', '41', '800', '2017-09-01 07:34:17', '2017-09-01 07:34:17');
INSERT INTO `tb_trade_detail` VALUES ('2A07F295FAE2409B866013634B456D70', '3A320D21506B4754B6E9EC68F6E20A92', 'EE90C6109C4E45AB963D8045E7DEB9F1', 'E2F1B6A9B89D48EFA83F1EDDDBF93693', '27', '800', '2017-09-01 07:34:17', '2017-09-01 07:34:17');
INSERT INTO `tb_trade_detail` VALUES ('2D8594F62DD343FEAD2F8A62F069E73C', '3A320D21506B4754B6E9EC68F6E20A92', 'EE90C6109C4E45AB963D8045E7DEB9F1', 'E2F1B6A9B89D48EFA83F1EDDDBF93693', '25', '800', '2017-09-01 07:34:17', '2017-09-01 07:34:17');
INSERT INTO `tb_trade_detail` VALUES ('3E4060050D2E4034BD7E3FE7EEEE479F', '3A320D21506B4754B6E9EC68F6E20A92', 'EE90C6109C4E45AB963D8045E7DEB9F1', 'E2F1B6A9B89D48EFA83F1EDDDBF93693', '31', '800', '2017-09-01 07:34:17', '2017-09-01 07:34:17');
INSERT INTO `tb_trade_detail` VALUES ('48561DDC549E41158AC0259D3BF090A1', '3A320D21506B4754B6E9EC68F6E20A92', 'EE90C6109C4E45AB963D8045E7DEB9F1', 'E2F1B6A9B89D48EFA83F1EDDDBF93693', '45', '800', '2017-09-01 07:34:17', '2017-09-01 07:34:17');
INSERT INTO `tb_trade_detail` VALUES ('4D92F91993C646708E632DABAEEF9ABC', '3A320D21506B4754B6E9EC68F6E20A92', 'EE90C6109C4E45AB963D8045E7DEB9F1', 'E2F1B6A9B89D48EFA83F1EDDDBF93693', '35', '800', '2017-09-01 07:34:17', '2017-09-01 07:34:17');
INSERT INTO `tb_trade_detail` VALUES ('4E4D451146714033AD8A7019F26CD4CF', '3A320D21506B4754B6E9EC68F6E20A92', 'EE90C6109C4E45AB963D8045E7DEB9F1', 'E2F1B6A9B89D48EFA83F1EDDDBF93693', '23', '800', '2017-09-01 07:34:17', '2017-09-01 07:34:17');
INSERT INTO `tb_trade_detail` VALUES ('5E64B21402CB4027BE023F31559DA39C', '3A320D21506B4754B6E9EC68F6E20A92', 'EE90C6109C4E45AB963D8045E7DEB9F1', 'E2F1B6A9B89D48EFA83F1EDDDBF93693', '43', '800', '2017-09-01 07:34:17', '2017-09-01 07:34:17');
INSERT INTO `tb_trade_detail` VALUES ('63CCB0AFC4364BDC90A4852E73AB1D3E', '3A320D21506B4754B6E9EC68F6E20A92', 'EE90C6109C4E45AB963D8045E7DEB9F1', 'E2F1B6A9B89D48EFA83F1EDDDBF93693', '39', '800', '2017-09-01 07:34:17', '2017-09-01 07:34:17');
INSERT INTO `tb_trade_detail` VALUES ('659643BBE417450BB780949B4DA6EA1C', '3A320D21506B4754B6E9EC68F6E20A92', 'EE90C6109C4E45AB963D8045E7DEB9F1', 'E2F1B6A9B89D48EFA83F1EDDDBF93693', '37', '800', '2017-09-01 07:34:17', '2017-09-01 07:34:17');
INSERT INTO `tb_trade_detail` VALUES ('6FA29B3B78ED424F99340F46EDBB9B19', '3A320D21506B4754B6E9EC68F6E20A92', 'EE90C6109C4E45AB963D8045E7DEB9F1', 'E2F1B6A9B89D48EFA83F1EDDDBF93693', '19', '800', '2017-09-01 07:34:17', '2017-09-01 07:34:17');
INSERT INTO `tb_trade_detail` VALUES ('7160EE8ABE344F33AD3F3ACFACFB8F7B', '3A320D21506B4754B6E9EC68F6E20A92', 'EE90C6109C4E45AB963D8045E7DEB9F1', 'E2F1B6A9B89D48EFA83F1EDDDBF93693', '13', '800', '2017-09-01 07:34:17', '2017-09-01 07:34:17');
INSERT INTO `tb_trade_detail` VALUES ('74DCFFA62D3746459D230DEBD1CE1DC8', '3A320D21506B4754B6E9EC68F6E20A92', 'EE90C6109C4E45AB963D8045E7DEB9F1', 'E2F1B6A9B89D48EFA83F1EDDDBF93693', '1', '800', '2017-09-01 07:34:17', '2017-09-01 07:34:17');
INSERT INTO `tb_trade_detail` VALUES ('7AA9C17F63F449D7B46B29FD483276D2', '3A320D21506B4754B6E9EC68F6E20A92', 'EE90C6109C4E45AB963D8045E7DEB9F1', 'E2F1B6A9B89D48EFA83F1EDDDBF93693', '47', '800', '2017-09-01 07:34:17', '2017-09-01 07:34:17');
INSERT INTO `tb_trade_detail` VALUES ('7EAFDD1D964C40C3B176EF8509F50DDF', '3A320D21506B4754B6E9EC68F6E20A92', 'EE90C6109C4E45AB963D8045E7DEB9F1', 'E2F1B6A9B89D48EFA83F1EDDDBF93693', '7', '800', '2017-09-01 07:34:17', '2017-09-01 07:34:17');
INSERT INTO `tb_trade_detail` VALUES ('A2CEC4D4A63C4078AF844121EDE3B650', '3A320D21506B4754B6E9EC68F6E20A92', 'EE90C6109C4E45AB963D8045E7DEB9F1', 'E2F1B6A9B89D48EFA83F1EDDDBF93693', '33', '800', '2017-09-01 07:34:17', '2017-09-01 07:34:17');
INSERT INTO `tb_trade_detail` VALUES ('AA9CC5A290014A0B8259736EBC063FF2', '3A320D21506B4754B6E9EC68F6E20A92', 'EE90C6109C4E45AB963D8045E7DEB9F1', 'E2F1B6A9B89D48EFA83F1EDDDBF93693', '49', '800', '2017-09-01 07:34:17', '2017-09-01 07:34:17');
INSERT INTO `tb_trade_detail` VALUES ('B3C7DF4509C94F73A0694CA1773C278C', '3A320D21506B4754B6E9EC68F6E20A92', 'EE90C6109C4E45AB963D8045E7DEB9F1', 'E2F1B6A9B89D48EFA83F1EDDDBF93693', '11', '800', '2017-09-01 07:34:17', '2017-09-01 07:34:17');
INSERT INTO `tb_trade_detail` VALUES ('BAD74F3165504679948DB56D39077CD0', '3A320D21506B4754B6E9EC68F6E20A92', 'EE90C6109C4E45AB963D8045E7DEB9F1', 'E2F1B6A9B89D48EFA83F1EDDDBF93693', '3', '800', '2017-09-01 07:34:17', '2017-09-01 07:34:17');
INSERT INTO `tb_trade_detail` VALUES ('C16370CA3FA449FCBB320AA364CE1511', '3A320D21506B4754B6E9EC68F6E20A92', 'EE90C6109C4E45AB963D8045E7DEB9F1', 'E2F1B6A9B89D48EFA83F1EDDDBF93693', '17', '800', '2017-09-01 07:34:17', '2017-09-01 07:34:17');
INSERT INTO `tb_trade_detail` VALUES ('E4BF272C57FE43B1AE2DA4ADCD50EAB0', '3A320D21506B4754B6E9EC68F6E20A92', 'EE90C6109C4E45AB963D8045E7DEB9F1', 'E2F1B6A9B89D48EFA83F1EDDDBF93693', '21', '800', '2017-09-01 07:34:17', '2017-09-01 07:34:17');
